/*
 Navicat Premium Data Transfer

 Source Server         : localhost@3306
 Source Server Type    : MySQL
 Source Server Version : 50723
 Source Host           : 127.0.0.1:3306
 Source Schema         : house

 Target Server Type    : MySQL
 Target Server Version : 50723
 File Encoding         : 65001

 Date: 18/03/2019 22:06:44
*/

SET NAMES utf8mb4;
SET FOREIGN_KEY_CHECKS = 0;

-- ----------------------------
-- Table structure for tb_build
-- ----------------------------
DROP TABLE IF EXISTS `tb_build`;
CREATE TABLE `tb_build`  (
  `id` int(11) NOT NULL AUTO_INCREMENT,
  `buildName` varchar(50) CHARACTER SET utf8 COLLATE utf8_general_ci NULL DEFAULT NULL,
  `location` varchar(100) CHARACTER SET utf8 COLLATE utf8_general_ci NULL DEFAULT NULL,
  `price` int(11) NULL DEFAULT NULL,
  `status` varchar(20) CHARACTER SET utf8 COLLATE utf8_general_ci NULL DEFAULT NULL,
  `phone` varchar(20) CHARACTER SET utf8 COLLATE utf8_general_ci NULL DEFAULT NULL,
  `num` int(11) NULL DEFAULT NULL,
  PRIMARY KEY (`id`) USING BTREE
) ENGINE = InnoDB AUTO_INCREMENT = 5 CHARACTER SET = utf8 COLLATE = utf8_general_ci ROW_FORMAT = Dynamic;

-- ----------------------------
-- Records of tb_build
-- ----------------------------
INSERT INTO `tb_build` VALUES (1, '碧桂园', '广州', 30000, '在售', '18774518598', 10000);
INSERT INTO `tb_build` VALUES (2, '天鹅丽都', '西渡', 6000, '已售完', '18774518598', 1000);
INSERT INTO `tb_build` VALUES (3, '珠江新城', '广州天河区', 40000, '在建', '15274435963', 1000);
INSERT INTO `tb_build` VALUES (4, '万科云城', '广州天河区', 30000, '在售', '18774518598', 1000);

-- ----------------------------
-- Table structure for tb_customer
-- ----------------------------
DROP TABLE IF EXISTS `tb_customer`;
CREATE TABLE `tb_customer`  (
  `id` int(11) NOT NULL AUTO_INCREMENT,
  `customerName` varchar(20) CHARACTER SET utf8 COLLATE utf8_general_ci NULL DEFAULT NULL,
  `sex` int(11) NULL DEFAULT NULL,
  `email` varchar(50) CHARACTER SET utf8 COLLATE utf8_general_ci NULL DEFAULT NULL,
  `phone` varchar(20) CHARACTER SET utf8 COLLATE utf8_general_ci NULL DEFAULT NULL,
  PRIMARY KEY (`id`) USING BTREE
) ENGINE = InnoDB AUTO_INCREMENT = 5 CHARACTER SET = utf8 COLLATE = utf8_general_ci ROW_FORMAT = Dynamic;

-- ----------------------------
-- Records of tb_customer
-- ----------------------------
INSERT INTO `tb_customer` VALUES (1, '曾伊丽', 0, '173052339@qq.com', '15274435963');
INSERT INTO `tb_customer` VALUES (4, '曾佳', 1, '173052339@qq.com', '18774518598');

-- ----------------------------
-- Table structure for tb_lease
-- ----------------------------
DROP TABLE IF EXISTS `tb_lease`;
CREATE TABLE `tb_lease`  (
  `id` int(11) NOT NULL AUTO_INCREMENT,
  `buildId` int(11) NULL DEFAULT NULL,
  `customerId` int(11) NULL DEFAULT NULL,
  `buildName` varchar(50) CHARACTER SET utf8 COLLATE utf8_general_ci NULL DEFAULT NULL,
  `location` varchar(100) CHARACTER SET utf8 COLLATE utf8_general_ci NULL DEFAULT NULL,
  `customerName` varchar(20) CHARACTER SET utf8 COLLATE utf8_general_ci NULL DEFAULT NULL,
  `phone` varchar(20) CHARACTER SET utf8 COLLATE utf8_general_ci NULL DEFAULT NULL,
  `price` int(11) NULL DEFAULT NULL,
  `leaseType` varchar(20) CHARACTER SET utf8 COLLATE utf8_general_ci NULL DEFAULT NULL,
  `payment` varchar(20) CHARACTER SET utf8 COLLATE utf8_general_ci NULL DEFAULT NULL,
  `status` varchar(20) CHARACTER SET utf8 COLLATE utf8_general_ci NULL DEFAULT NULL,
  `date` datetime(0) NULL DEFAULT NULL,
  PRIMARY KEY (`id`) USING BTREE
) ENGINE = InnoDB AUTO_INCREMENT = 252 CHARACTER SET = utf8 COLLATE = utf8_general_ci ROW_FORMAT = Dynamic;

-- ----------------------------
-- Records of tb_lease
-- ----------------------------
INSERT INTO `tb_lease` VALUES (1, 1, 4, '碧桂园', '广州', '曾佳', '18774518598', 1500, '押二付一', '微信支付', '租期中', '2019-03-14 20:00:13');
INSERT INTO `tb_lease` VALUES (2, 3, 4, '珠江新城', '广州天河区', '曾佳', '18774518598', 2000, '押二付一', '银联支付', '租期中', '2019-03-14 20:00:13');
INSERT INTO `tb_lease` VALUES (4, 2, 4, '天鹅丽都', '西渡', '曾佳', '18774518598', 1000, '押二付一', '银联支付', '租期中', '2019-04-14 15:00:51');
INSERT INTO `tb_lease` VALUES (5, 1, 1, '碧桂园', '广州', '曾伊丽', '18774518598', 2000, '押二付一', '支付宝支付', '租期中', '2019-11-01 10:40:57');
INSERT INTO `tb_lease` VALUES (6, 1, 1, '碧桂园', '广州', '曾伊丽', '18774518598', 2000, '押二付一', '支付宝支付', '租期中', '2019-12-01 20:16:24');
INSERT INTO `tb_lease` VALUES (7, 1, 1, '碧桂园', '广州', '曾伊丽', '18774518598', 2000, '押二付一', '支付宝支付', '租期中', '2019-02-01 18:49:16');
INSERT INTO `tb_lease` VALUES (8, 1, 1, '碧桂园', '广州', '曾伊丽', '18774518598', 2000, '押二付一', '支付宝支付', '租期中', '2019-04-01 10:33:18');
INSERT INTO `tb_lease` VALUES (9, 1, 1, '碧桂园', '广州', '曾伊丽', '18774518598', 2000, '押二付一', '支付宝支付', '租期中', '2019-05-01 16:25:14');
INSERT INTO `tb_lease` VALUES (10, 1, 1, '碧桂园', '广州', '曾伊丽', '18774518598', 2000, '押二付一', '支付宝支付', '租期中', '2019-06-01 12:29:33');
INSERT INTO `tb_lease` VALUES (11, 1, 1, '碧桂园', '广州', '曾伊丽', '18774518598', 2000, '押二付一', '支付宝支付', '租期中', '2019-02-01 15:34:25');
INSERT INTO `tb_lease` VALUES (12, 1, 1, '碧桂园', '广州', '曾伊丽', '18774518598', 2000, '押二付一', '支付宝支付', '租期中', '2019-02-01 16:13:55');
INSERT INTO `tb_lease` VALUES (13, 1, 1, '碧桂园', '广州', '曾伊丽', '18774518598', 2000, '押二付一', '支付宝支付', '租期中', '2019-06-01 17:26:10');
INSERT INTO `tb_lease` VALUES (14, 1, 1, '碧桂园', '广州', '曾伊丽', '18774518598', 2000, '押二付一', '支付宝支付', '租期中', '2019-01-01 13:23:33');
INSERT INTO `tb_lease` VALUES (15, 1, 1, '碧桂园', '广州', '曾伊丽', '18774518598', 2000, '押二付一', '支付宝支付', '租期中', '2019-07-01 15:26:30');
INSERT INTO `tb_lease` VALUES (16, 1, 1, '碧桂园', '广州', '曾伊丽', '18774518598', 2000, '押二付一', '支付宝支付', '租期中', '2019-02-01 14:32:19');
INSERT INTO `tb_lease` VALUES (17, 1, 1, '碧桂园', '广州', '曾伊丽', '18774518598', 2000, '押二付一', '支付宝支付', '租期中', '2019-08-01 15:19:46');
INSERT INTO `tb_lease` VALUES (18, 1, 1, '碧桂园', '广州', '曾伊丽', '18774518598', 2000, '押二付一', '支付宝支付', '租期中', '2019-03-01 19:13:19');
INSERT INTO `tb_lease` VALUES (19, 1, 1, '碧桂园', '广州', '曾伊丽', '18774518598', 2000, '押二付一', '支付宝支付', '租期中', '2019-10-01 12:48:25');
INSERT INTO `tb_lease` VALUES (20, 1, 1, '碧桂园', '广州', '曾伊丽', '18774518598', 2000, '押二付一', '支付宝支付', '租期中', '2019-03-01 11:50:50');
INSERT INTO `tb_lease` VALUES (21, 1, 1, '碧桂园', '广州', '曾伊丽', '18774518598', 2000, '押二付一', '支付宝支付', '租期中', '2019-09-01 21:29:25');
INSERT INTO `tb_lease` VALUES (22, 1, 1, '碧桂园', '广州', '曾伊丽', '18774518598', 2000, '押二付一', '支付宝支付', '租期中', '2019-05-01 10:17:37');
INSERT INTO `tb_lease` VALUES (23, 1, 1, '碧桂园', '广州', '曾伊丽', '18774518598', 2000, '押二付一', '支付宝支付', '租期中', '2019-05-01 10:11:18');
INSERT INTO `tb_lease` VALUES (24, 1, 1, '碧桂园', '广州', '曾伊丽', '18774518598', 2000, '押二付一', '支付宝支付', '租期中', '2019-09-01 11:22:11');
INSERT INTO `tb_lease` VALUES (25, 1, 1, '碧桂园', '广州', '曾伊丽', '18774518598', 2000, '押二付一', '支付宝支付', '租期中', '2019-05-01 20:56:24');
INSERT INTO `tb_lease` VALUES (26, 1, 1, '碧桂园', '广州', '曾伊丽', '18774518598', 2000, '押二付一', '支付宝支付', '租期中', '2019-08-01 15:56:40');
INSERT INTO `tb_lease` VALUES (27, 1, 1, '碧桂园', '广州', '曾伊丽', '18774518598', 2000, '押二付一', '支付宝支付', '租期中', '2019-03-01 12:27:18');
INSERT INTO `tb_lease` VALUES (28, 1, 1, '碧桂园', '广州', '曾伊丽', '18774518598', 2000, '押二付一', '支付宝支付', '租期中', '2019-10-01 15:43:21');
INSERT INTO `tb_lease` VALUES (29, 1, 1, '碧桂园', '广州', '曾伊丽', '18774518598', 2000, '押二付一', '支付宝支付', '租期中', '2019-02-01 21:16:55');
INSERT INTO `tb_lease` VALUES (30, 1, 1, '碧桂园', '广州', '曾伊丽', '18774518598', 2000, '押二付一', '支付宝支付', '租期中', '2019-04-01 17:18:10');
INSERT INTO `tb_lease` VALUES (31, 1, 1, '碧桂园', '广州', '曾伊丽', '18774518598', 2000, '押二付一', '支付宝支付', '租期中', '2019-08-01 22:53:42');
INSERT INTO `tb_lease` VALUES (32, 1, 1, '碧桂园', '广州', '曾伊丽', '18774518598', 2000, '押二付一', '支付宝支付', '租期中', '2019-09-01 14:40:17');
INSERT INTO `tb_lease` VALUES (33, 1, 1, '碧桂园', '广州', '曾伊丽', '18774518598', 2000, '押二付一', '支付宝支付', '租期中', '2019-11-01 10:36:36');
INSERT INTO `tb_lease` VALUES (34, 1, 1, '碧桂园', '广州', '曾伊丽', '18774518598', 2000, '押二付一', '支付宝支付', '租期中', '2019-01-01 20:46:23');
INSERT INTO `tb_lease` VALUES (35, 1, 1, '碧桂园', '广州', '曾伊丽', '18774518598', 2000, '押二付一', '支付宝支付', '租期中', '2019-03-01 13:37:12');
INSERT INTO `tb_lease` VALUES (36, 1, 1, '碧桂园', '广州', '曾伊丽', '18774518598', 2000, '押二付一', '支付宝支付', '租期中', '2019-08-01 20:27:22');
INSERT INTO `tb_lease` VALUES (37, 1, 1, '碧桂园', '广州', '曾伊丽', '18774518598', 2000, '押二付一', '支付宝支付', '租期中', '2019-03-01 15:36:25');
INSERT INTO `tb_lease` VALUES (38, 1, 1, '碧桂园', '广州', '曾伊丽', '18774518598', 2000, '押二付一', '支付宝支付', '租期中', '2019-01-01 11:27:36');
INSERT INTO `tb_lease` VALUES (39, 1, 1, '碧桂园', '广州', '曾伊丽', '18774518598', 2000, '押二付一', '支付宝支付', '租期中', '2019-08-01 17:50:35');
INSERT INTO `tb_lease` VALUES (40, 1, 1, '碧桂园', '广州', '曾伊丽', '18774518598', 2000, '押二付一', '支付宝支付', '租期中', '2019-01-01 20:57:24');
INSERT INTO `tb_lease` VALUES (41, 1, 1, '碧桂园', '广州', '曾伊丽', '18774518598', 2000, '押二付一', '支付宝支付', '租期中', '2019-07-01 21:51:36');
INSERT INTO `tb_lease` VALUES (42, 1, 1, '碧桂园', '广州', '曾伊丽', '18774518598', 2000, '押二付一', '支付宝支付', '租期中', '2019-02-01 11:11:54');
INSERT INTO `tb_lease` VALUES (43, 1, 1, '碧桂园', '广州', '曾伊丽', '18774518598', 2000, '押二付一', '支付宝支付', '租期中', '2019-06-01 17:25:10');
INSERT INTO `tb_lease` VALUES (44, 1, 1, '碧桂园', '广州', '曾伊丽', '18774518598', 2000, '押二付一', '支付宝支付', '租期中', '2019-01-01 13:25:42');
INSERT INTO `tb_lease` VALUES (45, 1, 1, '碧桂园', '广州', '曾伊丽', '18774518598', 2000, '押二付一', '支付宝支付', '租期中', '2019-05-01 10:49:12');
INSERT INTO `tb_lease` VALUES (46, 1, 1, '碧桂园', '广州', '曾伊丽', '18774518598', 2000, '押二付一', '支付宝支付', '租期中', '2019-10-01 21:56:14');
INSERT INTO `tb_lease` VALUES (47, 1, 1, '碧桂园', '广州', '曾伊丽', '18774518598', 2000, '押二付一', '支付宝支付', '租期中', '2019-08-01 10:12:22');
INSERT INTO `tb_lease` VALUES (48, 1, 1, '碧桂园', '广州', '曾伊丽', '18774518598', 2000, '押二付一', '支付宝支付', '租期中', '2019-02-01 21:13:42');
INSERT INTO `tb_lease` VALUES (49, 1, 1, '碧桂园', '广州', '曾伊丽', '18774518598', 2000, '押二付一', '支付宝支付', '租期中', '2019-01-01 15:49:50');
INSERT INTO `tb_lease` VALUES (50, 1, 1, '碧桂园', '广州', '曾伊丽', '18774518598', 2000, '押二付一', '支付宝支付', '租期中', '2019-09-01 12:50:32');
INSERT INTO `tb_lease` VALUES (51, 1, 1, '碧桂园', '广州', '曾伊丽', '18774518598', 2000, '押二付一', '支付宝支付', '租期中', '2019-11-01 20:40:41');
INSERT INTO `tb_lease` VALUES (52, 1, 1, '碧桂园', '广州', '曾伊丽', '18774518598', 2000, '押二付一', '支付宝支付', '租期中', '2019-04-01 19:42:16');
INSERT INTO `tb_lease` VALUES (53, 1, 1, '碧桂园', '广州', '曾伊丽', '18774518598', 2000, '押二付一', '支付宝支付', '租期中', '2019-08-01 21:30:32');
INSERT INTO `tb_lease` VALUES (54, 1, 1, '碧桂园', '广州', '曾伊丽', '18774518598', 2000, '押二付一', '支付宝支付', '租期中', '2019-01-01 22:32:32');
INSERT INTO `tb_lease` VALUES (55, 1, 1, '碧桂园', '广州', '曾伊丽', '18774518598', 2000, '押二付一', '支付宝支付', '租期中', '2019-12-01 15:19:47');
INSERT INTO `tb_lease` VALUES (56, 1, 1, '碧桂园', '广州', '曾伊丽', '18774518598', 2000, '押二付一', '支付宝支付', '租期中', '2019-03-01 18:46:48');
INSERT INTO `tb_lease` VALUES (57, 1, 1, '碧桂园', '广州', '曾伊丽', '18774518598', 2000, '押二付一', '支付宝支付', '租期中', '2019-08-01 20:15:18');
INSERT INTO `tb_lease` VALUES (58, 1, 1, '碧桂园', '广州', '曾伊丽', '18774518598', 2000, '押二付一', '支付宝支付', '租期中', '2019-07-01 12:23:50');
INSERT INTO `tb_lease` VALUES (59, 1, 1, '碧桂园', '广州', '曾伊丽', '18774518598', 2000, '押二付一', '支付宝支付', '租期中', '2019-04-01 22:11:19');
INSERT INTO `tb_lease` VALUES (60, 1, 1, '碧桂园', '广州', '曾伊丽', '18774518598', 2000, '押二付一', '支付宝支付', '租期中', '2019-11-01 19:17:37');
INSERT INTO `tb_lease` VALUES (61, 1, 1, '碧桂园', '广州', '曾伊丽', '18774518598', 2000, '押二付一', '支付宝支付', '租期中', '2019-04-01 19:55:29');
INSERT INTO `tb_lease` VALUES (62, 1, 1, '碧桂园', '广州', '曾伊丽', '18774518598', 2000, '押二付一', '支付宝支付', '租期中', '2019-03-01 20:31:46');
INSERT INTO `tb_lease` VALUES (63, 1, 1, '碧桂园', '广州', '曾伊丽', '18774518598', 2000, '押二付一', '支付宝支付', '租期中', '2019-06-01 21:15:57');
INSERT INTO `tb_lease` VALUES (64, 1, 1, '碧桂园', '广州', '曾伊丽', '18774518598', 2000, '押二付一', '支付宝支付', '租期中', '2019-06-01 17:21:37');
INSERT INTO `tb_lease` VALUES (65, 1, 1, '碧桂园', '广州', '曾伊丽', '18774518598', 2000, '押二付一', '支付宝支付', '租期中', '2019-01-01 19:27:39');
INSERT INTO `tb_lease` VALUES (66, 1, 1, '碧桂园', '广州', '曾伊丽', '18774518598', 2000, '押二付一', '支付宝支付', '租期中', '2019-12-01 22:58:12');
INSERT INTO `tb_lease` VALUES (67, 1, 1, '碧桂园', '广州', '曾伊丽', '18774518598', 2000, '押二付一', '支付宝支付', '租期中', '2019-04-01 15:13:16');
INSERT INTO `tb_lease` VALUES (68, 1, 1, '碧桂园', '广州', '曾伊丽', '18774518598', 2000, '押二付一', '支付宝支付', '租期中', '2019-06-01 19:29:47');
INSERT INTO `tb_lease` VALUES (69, 1, 1, '碧桂园', '广州', '曾伊丽', '18774518598', 2000, '押二付一', '支付宝支付', '租期中', '2019-09-01 10:25:28');
INSERT INTO `tb_lease` VALUES (70, 1, 1, '碧桂园', '广州', '曾伊丽', '18774518598', 2000, '押二付一', '支付宝支付', '租期中', '2019-12-01 18:29:11');
INSERT INTO `tb_lease` VALUES (71, 1, 1, '碧桂园', '广州', '曾伊丽', '18774518598', 2000, '押二付一', '支付宝支付', '租期中', '2019-12-01 19:53:17');
INSERT INTO `tb_lease` VALUES (72, 1, 1, '碧桂园', '广州', '曾伊丽', '18774518598', 2000, '押二付一', '支付宝支付', '租期中', '2019-02-01 12:36:15');
INSERT INTO `tb_lease` VALUES (73, 1, 1, '碧桂园', '广州', '曾伊丽', '18774518598', 2000, '押二付一', '支付宝支付', '租期中', '2019-12-01 17:12:32');
INSERT INTO `tb_lease` VALUES (74, 1, 1, '碧桂园', '广州', '曾伊丽', '18774518598', 2000, '押二付一', '支付宝支付', '租期中', '2019-02-01 11:18:40');
INSERT INTO `tb_lease` VALUES (75, 1, 1, '碧桂园', '广州', '曾伊丽', '18774518598', 2000, '押二付一', '支付宝支付', '租期中', '2019-08-01 12:19:27');
INSERT INTO `tb_lease` VALUES (76, 1, 1, '碧桂园', '广州', '曾伊丽', '18774518598', 2000, '押二付一', '支付宝支付', '租期中', '2019-03-01 21:51:39');
INSERT INTO `tb_lease` VALUES (77, 1, 1, '碧桂园', '广州', '曾伊丽', '18774518598', 2000, '押二付一', '支付宝支付', '租期中', '2019-06-01 15:53:13');
INSERT INTO `tb_lease` VALUES (78, 1, 1, '碧桂园', '广州', '曾伊丽', '18774518598', 2000, '押二付一', '支付宝支付', '租期中', '2019-09-01 15:56:30');
INSERT INTO `tb_lease` VALUES (79, 1, 1, '碧桂园', '广州', '曾伊丽', '18774518598', 2000, '押二付一', '支付宝支付', '租期中', '2019-04-01 11:44:18');
INSERT INTO `tb_lease` VALUES (80, 1, 1, '碧桂园', '广州', '曾伊丽', '18774518598', 2000, '押二付一', '支付宝支付', '租期中', '2019-10-01 14:22:26');
INSERT INTO `tb_lease` VALUES (81, 1, 1, '碧桂园', '广州', '曾伊丽', '18774518598', 2000, '押二付一', '支付宝支付', '租期中', '2019-12-01 17:17:12');
INSERT INTO `tb_lease` VALUES (82, 1, 1, '碧桂园', '广州', '曾伊丽', '18774518598', 2000, '押二付一', '支付宝支付', '租期中', '2019-10-01 18:12:22');
INSERT INTO `tb_lease` VALUES (83, 1, 1, '碧桂园', '广州', '曾伊丽', '18774518598', 2000, '押二付一', '支付宝支付', '租期中', '2019-02-01 22:22:31');
INSERT INTO `tb_lease` VALUES (84, 1, 1, '碧桂园', '广州', '曾伊丽', '18774518598', 2000, '押二付一', '支付宝支付', '租期中', '2019-06-01 22:38:55');
INSERT INTO `tb_lease` VALUES (85, 1, 1, '碧桂园', '广州', '曾伊丽', '18774518598', 2000, '押二付一', '支付宝支付', '租期中', '2019-11-01 19:55:33');
INSERT INTO `tb_lease` VALUES (86, 1, 1, '碧桂园', '广州', '曾伊丽', '18774518598', 2000, '押二付一', '支付宝支付', '租期中', '2019-07-01 15:28:42');
INSERT INTO `tb_lease` VALUES (87, 1, 1, '碧桂园', '广州', '曾伊丽', '18774518598', 2000, '押二付一', '支付宝支付', '租期中', '2019-02-01 19:15:32');
INSERT INTO `tb_lease` VALUES (88, 1, 1, '碧桂园', '广州', '曾伊丽', '18774518598', 2000, '押二付一', '支付宝支付', '租期中', '2019-12-01 15:15:26');
INSERT INTO `tb_lease` VALUES (89, 1, 1, '碧桂园', '广州', '曾伊丽', '18774518598', 2000, '押二付一', '支付宝支付', '租期中', '2019-05-01 20:15:58');
INSERT INTO `tb_lease` VALUES (90, 1, 1, '碧桂园', '广州', '曾伊丽', '18774518598', 2000, '押二付一', '支付宝支付', '租期中', '2019-08-01 13:30:23');
INSERT INTO `tb_lease` VALUES (91, 1, 1, '碧桂园', '广州', '曾伊丽', '18774518598', 2000, '押二付一', '支付宝支付', '租期中', '2019-02-01 18:11:20');
INSERT INTO `tb_lease` VALUES (92, 1, 1, '碧桂园', '广州', '曾伊丽', '18774518598', 2000, '押二付一', '支付宝支付', '租期中', '2019-11-01 22:11:24');
INSERT INTO `tb_lease` VALUES (93, 1, 1, '碧桂园', '广州', '曾伊丽', '18774518598', 2000, '押二付一', '支付宝支付', '租期中', '2019-05-01 10:10:57');
INSERT INTO `tb_lease` VALUES (94, 1, 1, '碧桂园', '广州', '曾伊丽', '18774518598', 2000, '押二付一', '支付宝支付', '租期中', '2019-10-01 22:35:46');
INSERT INTO `tb_lease` VALUES (95, 1, 1, '碧桂园', '广州', '曾伊丽', '18774518598', 2000, '押二付一', '支付宝支付', '租期中', '2019-02-01 15:49:46');
INSERT INTO `tb_lease` VALUES (96, 1, 1, '碧桂园', '广州', '曾伊丽', '18774518598', 2000, '押二付一', '支付宝支付', '租期中', '2019-04-01 11:46:31');
INSERT INTO `tb_lease` VALUES (97, 1, 1, '碧桂园', '广州', '曾伊丽', '18774518598', 2000, '押二付一', '支付宝支付', '租期中', '2019-11-01 12:30:29');
INSERT INTO `tb_lease` VALUES (98, 1, 1, '碧桂园', '广州', '曾伊丽', '18774518598', 2000, '押二付一', '支付宝支付', '租期中', '2019-10-01 18:12:19');
INSERT INTO `tb_lease` VALUES (99, 1, 1, '碧桂园', '广州', '曾伊丽', '18774518598', 2000, '押二付一', '支付宝支付', '租期中', '2019-10-01 17:25:54');
INSERT INTO `tb_lease` VALUES (100, 1, 1, '碧桂园', '广州', '曾伊丽', '18774518598', 2000, '押二付一', '支付宝支付', '租期中', '2019-08-01 14:11:58');
INSERT INTO `tb_lease` VALUES (101, 1, 1, '碧桂园', '广州', '曾伊丽', '18774518598', 2000, '押二付一', '支付宝支付', '租期中', '2019-11-01 13:43:43');
INSERT INTO `tb_lease` VALUES (102, 1, 1, '碧桂园', '广州', '曾伊丽', '18774518598', 2000, '押二付一', '支付宝支付', '租期中', '2019-05-01 21:16:12');
INSERT INTO `tb_lease` VALUES (103, 1, 1, '碧桂园', '广州', '曾伊丽', '18774518598', 2000, '押二付一', '支付宝支付', '租期中', '2019-11-01 14:56:47');
INSERT INTO `tb_lease` VALUES (104, 2, 1, '天鹅丽都', '西渡', '曾伊丽', '15274435963', 1000, '押二付一', '微信支付', '租期中', '2019-06-01 11:36:21');
INSERT INTO `tb_lease` VALUES (105, 2, 1, '天鹅丽都', '西渡', '曾伊丽', '15274435963', 1000, '押二付一', '微信支付', '租期中', '2019-07-01 19:28:52');
INSERT INTO `tb_lease` VALUES (106, 2, 1, '天鹅丽都', '西渡', '曾伊丽', '15274435963', 1000, '押二付一', '微信支付', '租期中', '2019-03-01 15:15:53');
INSERT INTO `tb_lease` VALUES (107, 2, 1, '天鹅丽都', '西渡', '曾伊丽', '15274435963', 1000, '押二付一', '微信支付', '租期中', '2019-02-01 19:26:52');
INSERT INTO `tb_lease` VALUES (108, 2, 1, '天鹅丽都', '西渡', '曾伊丽', '15274435963', 1000, '押二付一', '微信支付', '租期中', '2019-05-01 11:41:47');
INSERT INTO `tb_lease` VALUES (109, 2, 1, '天鹅丽都', '西渡', '曾伊丽', '15274435963', 1000, '押二付一', '微信支付', '租期中', '2019-12-01 13:53:31');
INSERT INTO `tb_lease` VALUES (110, 2, 1, '天鹅丽都', '西渡', '曾伊丽', '15274435963', 1000, '押二付一', '微信支付', '租期中', '2019-07-01 14:39:39');
INSERT INTO `tb_lease` VALUES (111, 2, 1, '天鹅丽都', '西渡', '曾伊丽', '15274435963', 1000, '押二付一', '微信支付', '租期中', '2019-03-01 13:21:57');
INSERT INTO `tb_lease` VALUES (112, 2, 1, '天鹅丽都', '西渡', '曾伊丽', '15274435963', 1000, '押二付一', '微信支付', '租期中', '2019-03-01 10:38:49');
INSERT INTO `tb_lease` VALUES (113, 2, 1, '天鹅丽都', '西渡', '曾伊丽', '15274435963', 1000, '押二付一', '微信支付', '租期中', '2019-04-01 10:33:16');
INSERT INTO `tb_lease` VALUES (114, 2, 1, '天鹅丽都', '西渡', '曾伊丽', '15274435963', 1000, '押二付一', '微信支付', '租期中', '2019-04-01 18:39:30');
INSERT INTO `tb_lease` VALUES (115, 2, 1, '天鹅丽都', '西渡', '曾伊丽', '15274435963', 1000, '押二付一', '微信支付', '租期中', '2019-04-01 10:40:51');
INSERT INTO `tb_lease` VALUES (116, 2, 1, '天鹅丽都', '西渡', '曾伊丽', '15274435963', 1000, '押二付一', '微信支付', '租期中', '2019-05-01 13:33:31');
INSERT INTO `tb_lease` VALUES (117, 2, 1, '天鹅丽都', '西渡', '曾伊丽', '15274435963', 1000, '押二付一', '微信支付', '租期中', '2019-09-01 13:46:37');
INSERT INTO `tb_lease` VALUES (118, 2, 1, '天鹅丽都', '西渡', '曾伊丽', '15274435963', 1000, '押二付一', '微信支付', '租期中', '2019-07-01 10:50:51');
INSERT INTO `tb_lease` VALUES (119, 2, 1, '天鹅丽都', '西渡', '曾伊丽', '15274435963', 1000, '押二付一', '微信支付', '租期中', '2019-09-01 11:26:29');
INSERT INTO `tb_lease` VALUES (120, 2, 1, '天鹅丽都', '西渡', '曾伊丽', '15274435963', 1000, '押二付一', '微信支付', '租期中', '2019-12-01 17:53:15');
INSERT INTO `tb_lease` VALUES (121, 2, 1, '天鹅丽都', '西渡', '曾伊丽', '15274435963', 1000, '押二付一', '微信支付', '租期中', '2019-11-01 10:40:56');
INSERT INTO `tb_lease` VALUES (122, 2, 1, '天鹅丽都', '西渡', '曾伊丽', '15274435963', 1000, '押二付一', '微信支付', '租期中', '2019-12-01 17:57:38');
INSERT INTO `tb_lease` VALUES (123, 2, 1, '天鹅丽都', '西渡', '曾伊丽', '15274435963', 1000, '押二付一', '微信支付', '租期中', '2019-01-01 13:46:41');
INSERT INTO `tb_lease` VALUES (124, 2, 1, '天鹅丽都', '西渡', '曾伊丽', '15274435963', 1000, '押二付一', '微信支付', '租期中', '2019-12-01 10:19:50');
INSERT INTO `tb_lease` VALUES (125, 2, 1, '天鹅丽都', '西渡', '曾伊丽', '15274435963', 1000, '押二付一', '微信支付', '租期中', '2019-08-01 14:34:16');
INSERT INTO `tb_lease` VALUES (126, 2, 1, '天鹅丽都', '西渡', '曾伊丽', '15274435963', 1000, '押二付一', '微信支付', '租期中', '2019-02-01 12:56:57');
INSERT INTO `tb_lease` VALUES (127, 2, 1, '天鹅丽都', '西渡', '曾伊丽', '15274435963', 1000, '押二付一', '微信支付', '租期中', '2019-12-01 18:29:30');
INSERT INTO `tb_lease` VALUES (128, 2, 1, '天鹅丽都', '西渡', '曾伊丽', '15274435963', 1000, '押二付一', '微信支付', '租期中', '2019-12-01 13:19:49');
INSERT INTO `tb_lease` VALUES (129, 2, 1, '天鹅丽都', '西渡', '曾伊丽', '15274435963', 1000, '押二付一', '微信支付', '租期中', '2019-05-01 15:34:54');
INSERT INTO `tb_lease` VALUES (130, 2, 1, '天鹅丽都', '西渡', '曾伊丽', '15274435963', 1000, '押二付一', '微信支付', '租期中', '2019-01-01 15:40:30');
INSERT INTO `tb_lease` VALUES (131, 2, 1, '天鹅丽都', '西渡', '曾伊丽', '15274435963', 1000, '押二付一', '微信支付', '租期中', '2019-03-01 18:44:52');
INSERT INTO `tb_lease` VALUES (132, 2, 1, '天鹅丽都', '西渡', '曾伊丽', '15274435963', 1000, '押二付一', '微信支付', '租期中', '2019-03-01 15:52:51');
INSERT INTO `tb_lease` VALUES (133, 2, 1, '天鹅丽都', '西渡', '曾伊丽', '15274435963', 1000, '押二付一', '微信支付', '租期中', '2019-08-01 15:13:39');
INSERT INTO `tb_lease` VALUES (134, 2, 1, '天鹅丽都', '西渡', '曾伊丽', '15274435963', 1000, '押二付一', '微信支付', '租期中', '2019-10-01 10:58:47');
INSERT INTO `tb_lease` VALUES (135, 2, 1, '天鹅丽都', '西渡', '曾伊丽', '15274435963', 1000, '押二付一', '微信支付', '租期中', '2019-11-01 19:14:42');
INSERT INTO `tb_lease` VALUES (136, 2, 1, '天鹅丽都', '西渡', '曾伊丽', '15274435963', 1000, '押二付一', '微信支付', '租期中', '2019-01-01 12:14:47');
INSERT INTO `tb_lease` VALUES (137, 2, 1, '天鹅丽都', '西渡', '曾伊丽', '15274435963', 1000, '押二付一', '微信支付', '租期中', '2019-06-01 11:24:11');
INSERT INTO `tb_lease` VALUES (138, 2, 1, '天鹅丽都', '西渡', '曾伊丽', '15274435963', 1000, '押二付一', '微信支付', '租期中', '2019-04-01 12:29:23');
INSERT INTO `tb_lease` VALUES (139, 2, 1, '天鹅丽都', '西渡', '曾伊丽', '15274435963', 1000, '押二付一', '微信支付', '租期中', '2019-02-01 18:11:35');
INSERT INTO `tb_lease` VALUES (140, 2, 1, '天鹅丽都', '西渡', '曾伊丽', '15274435963', 1000, '押二付一', '微信支付', '租期中', '2019-06-01 19:13:39');
INSERT INTO `tb_lease` VALUES (141, 2, 1, '天鹅丽都', '西渡', '曾伊丽', '15274435963', 1000, '押二付一', '微信支付', '租期中', '2019-10-01 12:42:44');
INSERT INTO `tb_lease` VALUES (142, 2, 1, '天鹅丽都', '西渡', '曾伊丽', '15274435963', 1000, '押二付一', '微信支付', '租期中', '2019-07-01 15:16:12');
INSERT INTO `tb_lease` VALUES (143, 2, 1, '天鹅丽都', '西渡', '曾伊丽', '15274435963', 1000, '押二付一', '微信支付', '租期中', '2019-11-01 11:26:16');
INSERT INTO `tb_lease` VALUES (144, 2, 1, '天鹅丽都', '西渡', '曾伊丽', '15274435963', 1000, '押二付一', '微信支付', '租期中', '2019-08-01 18:34:51');
INSERT INTO `tb_lease` VALUES (145, 2, 1, '天鹅丽都', '西渡', '曾伊丽', '15274435963', 1000, '押二付一', '微信支付', '租期中', '2019-09-01 18:22:44');
INSERT INTO `tb_lease` VALUES (146, 2, 1, '天鹅丽都', '西渡', '曾伊丽', '15274435963', 1000, '押二付一', '微信支付', '租期中', '2019-10-01 16:15:34');
INSERT INTO `tb_lease` VALUES (147, 2, 1, '天鹅丽都', '西渡', '曾伊丽', '15274435963', 1000, '押二付一', '微信支付', '租期中', '2019-03-01 15:57:23');
INSERT INTO `tb_lease` VALUES (148, 2, 1, '天鹅丽都', '西渡', '曾伊丽', '15274435963', 1000, '押二付一', '微信支付', '租期中', '2019-06-01 15:33:41');
INSERT INTO `tb_lease` VALUES (149, 2, 1, '天鹅丽都', '西渡', '曾伊丽', '15274435963', 1000, '押二付一', '微信支付', '租期中', '2019-10-01 18:14:52');
INSERT INTO `tb_lease` VALUES (150, 2, 1, '天鹅丽都', '西渡', '曾伊丽', '15274435963', 1000, '押二付一', '微信支付', '租期中', '2019-01-01 15:33:51');
INSERT INTO `tb_lease` VALUES (151, 2, 1, '天鹅丽都', '西渡', '曾伊丽', '15274435963', 1000, '押二付一', '微信支付', '租期中', '2019-10-01 15:32:36');
INSERT INTO `tb_lease` VALUES (152, 2, 1, '天鹅丽都', '西渡', '曾伊丽', '15274435963', 1000, '押二付一', '微信支付', '租期中', '2019-05-01 10:27:36');
INSERT INTO `tb_lease` VALUES (153, 2, 1, '天鹅丽都', '西渡', '曾伊丽', '15274435963', 1000, '押二付一', '微信支付', '租期中', '2019-09-01 17:49:46');
INSERT INTO `tb_lease` VALUES (154, 2, 1, '天鹅丽都', '西渡', '曾伊丽', '15274435963', 1000, '押二付一', '微信支付', '租期中', '2019-04-01 11:50:47');
INSERT INTO `tb_lease` VALUES (155, 2, 1, '天鹅丽都', '西渡', '曾伊丽', '15274435963', 1000, '押二付一', '微信支付', '租期中', '2019-05-01 14:29:35');
INSERT INTO `tb_lease` VALUES (156, 2, 1, '天鹅丽都', '西渡', '曾伊丽', '15274435963', 1000, '押二付一', '微信支付', '租期中', '2019-06-01 15:26:17');
INSERT INTO `tb_lease` VALUES (157, 2, 1, '天鹅丽都', '西渡', '曾伊丽', '15274435963', 1000, '押二付一', '微信支付', '租期中', '2019-09-01 11:31:51');
INSERT INTO `tb_lease` VALUES (158, 2, 1, '天鹅丽都', '西渡', '曾伊丽', '15274435963', 1000, '押二付一', '微信支付', '租期中', '2019-11-01 10:25:38');
INSERT INTO `tb_lease` VALUES (159, 2, 1, '天鹅丽都', '西渡', '曾伊丽', '15274435963', 1000, '押二付一', '微信支付', '租期中', '2019-12-01 19:52:36');
INSERT INTO `tb_lease` VALUES (160, 2, 1, '天鹅丽都', '西渡', '曾伊丽', '15274435963', 1000, '押二付一', '微信支付', '租期中', '2019-02-01 18:50:42');
INSERT INTO `tb_lease` VALUES (161, 2, 1, '天鹅丽都', '西渡', '曾伊丽', '15274435963', 1000, '押二付一', '微信支付', '租期中', '2019-11-01 13:10:16');
INSERT INTO `tb_lease` VALUES (162, 2, 1, '天鹅丽都', '西渡', '曾伊丽', '15274435963', 1000, '押二付一', '微信支付', '租期中', '2019-08-01 16:24:41');
INSERT INTO `tb_lease` VALUES (163, 2, 1, '天鹅丽都', '西渡', '曾伊丽', '15274435963', 1000, '押二付一', '微信支付', '租期中', '2019-05-01 17:44:25');
INSERT INTO `tb_lease` VALUES (164, 2, 1, '天鹅丽都', '西渡', '曾伊丽', '15274435963', 1000, '押二付一', '微信支付', '租期中', '2019-06-01 12:47:17');
INSERT INTO `tb_lease` VALUES (165, 2, 1, '天鹅丽都', '西渡', '曾伊丽', '15274435963', 1000, '押二付一', '微信支付', '租期中', '2019-07-01 11:25:13');
INSERT INTO `tb_lease` VALUES (166, 2, 1, '天鹅丽都', '西渡', '曾伊丽', '15274435963', 1000, '押二付一', '微信支付', '租期中', '2019-05-01 15:53:43');
INSERT INTO `tb_lease` VALUES (167, 2, 1, '天鹅丽都', '西渡', '曾伊丽', '15274435963', 1000, '押二付一', '微信支付', '租期中', '2019-09-01 14:20:44');
INSERT INTO `tb_lease` VALUES (168, 2, 1, '天鹅丽都', '西渡', '曾伊丽', '15274435963', 1000, '押二付一', '微信支付', '租期中', '2019-11-01 11:11:48');
INSERT INTO `tb_lease` VALUES (169, 2, 1, '天鹅丽都', '西渡', '曾伊丽', '15274435963', 1000, '押二付一', '微信支付', '租期中', '2019-11-01 19:21:24');
INSERT INTO `tb_lease` VALUES (170, 2, 1, '天鹅丽都', '西渡', '曾伊丽', '15274435963', 1000, '押二付一', '微信支付', '租期中', '2019-10-01 19:40:15');
INSERT INTO `tb_lease` VALUES (171, 2, 1, '天鹅丽都', '西渡', '曾伊丽', '15274435963', 1000, '押二付一', '微信支付', '租期中', '2019-09-01 13:25:42');
INSERT INTO `tb_lease` VALUES (172, 2, 1, '天鹅丽都', '西渡', '曾伊丽', '15274435963', 1000, '押二付一', '微信支付', '租期中', '2019-05-01 17:55:23');
INSERT INTO `tb_lease` VALUES (173, 2, 1, '天鹅丽都', '西渡', '曾伊丽', '15274435963', 1000, '押二付一', '微信支付', '租期中', '2019-07-01 10:28:51');
INSERT INTO `tb_lease` VALUES (174, 2, 1, '天鹅丽都', '西渡', '曾伊丽', '15274435963', 1000, '押二付一', '微信支付', '租期中', '2019-02-01 19:35:43');
INSERT INTO `tb_lease` VALUES (175, 2, 1, '天鹅丽都', '西渡', '曾伊丽', '15274435963', 1000, '押二付一', '微信支付', '租期中', '2019-11-01 14:45:16');
INSERT INTO `tb_lease` VALUES (176, 2, 1, '天鹅丽都', '西渡', '曾伊丽', '15274435963', 1000, '押二付一', '微信支付', '租期中', '2019-06-01 19:19:20');
INSERT INTO `tb_lease` VALUES (177, 2, 1, '天鹅丽都', '西渡', '曾伊丽', '15274435963', 1000, '押二付一', '微信支付', '租期中', '2019-06-01 17:30:46');
INSERT INTO `tb_lease` VALUES (178, 2, 1, '天鹅丽都', '西渡', '曾伊丽', '15274435963', 1000, '押二付一', '微信支付', '租期中', '2019-06-01 12:44:50');
INSERT INTO `tb_lease` VALUES (179, 2, 1, '天鹅丽都', '西渡', '曾伊丽', '15274435963', 1000, '押二付一', '微信支付', '租期中', '2019-01-01 16:18:56');
INSERT INTO `tb_lease` VALUES (180, 2, 1, '天鹅丽都', '西渡', '曾伊丽', '15274435963', 1000, '押二付一', '微信支付', '租期中', '2019-03-01 11:26:14');
INSERT INTO `tb_lease` VALUES (181, 2, 1, '天鹅丽都', '西渡', '曾伊丽', '15274435963', 1000, '押二付一', '微信支付', '租期中', '2019-06-01 19:38:54');
INSERT INTO `tb_lease` VALUES (182, 2, 1, '天鹅丽都', '西渡', '曾伊丽', '15274435963', 1000, '押二付一', '微信支付', '租期中', '2019-10-01 13:31:11');
INSERT INTO `tb_lease` VALUES (183, 2, 1, '天鹅丽都', '西渡', '曾伊丽', '15274435963', 1000, '押二付一', '微信支付', '租期中', '2019-10-01 10:38:54');
INSERT INTO `tb_lease` VALUES (184, 2, 1, '天鹅丽都', '西渡', '曾伊丽', '15274435963', 1000, '押二付一', '微信支付', '租期中', '2019-10-01 13:18:53');
INSERT INTO `tb_lease` VALUES (185, 2, 1, '天鹅丽都', '西渡', '曾伊丽', '15274435963', 1000, '押二付一', '微信支付', '租期中', '2019-12-01 11:42:10');
INSERT INTO `tb_lease` VALUES (186, 2, 1, '天鹅丽都', '西渡', '曾伊丽', '15274435963', 1000, '押二付一', '微信支付', '租期中', '2019-02-01 13:42:16');
INSERT INTO `tb_lease` VALUES (187, 2, 1, '天鹅丽都', '西渡', '曾伊丽', '15274435963', 1000, '押二付一', '微信支付', '租期中', '2019-09-01 11:34:15');
INSERT INTO `tb_lease` VALUES (188, 2, 1, '天鹅丽都', '西渡', '曾伊丽', '15274435963', 1000, '押二付一', '微信支付', '租期中', '2019-01-01 18:24:50');
INSERT INTO `tb_lease` VALUES (189, 2, 1, '天鹅丽都', '西渡', '曾伊丽', '15274435963', 1000, '押二付一', '微信支付', '租期中', '2019-03-01 16:38:58');
INSERT INTO `tb_lease` VALUES (190, 2, 1, '天鹅丽都', '西渡', '曾伊丽', '15274435963', 1000, '押二付一', '微信支付', '租期中', '2019-03-01 10:47:36');
INSERT INTO `tb_lease` VALUES (191, 2, 1, '天鹅丽都', '西渡', '曾伊丽', '15274435963', 1000, '押二付一', '微信支付', '租期中', '2019-06-01 16:51:25');
INSERT INTO `tb_lease` VALUES (192, 2, 1, '天鹅丽都', '西渡', '曾伊丽', '15274435963', 1000, '押二付一', '微信支付', '租期中', '2019-01-01 12:18:12');
INSERT INTO `tb_lease` VALUES (193, 2, 1, '天鹅丽都', '西渡', '曾伊丽', '15274435963', 1000, '押二付一', '微信支付', '租期中', '2019-10-01 17:36:29');
INSERT INTO `tb_lease` VALUES (194, 2, 1, '天鹅丽都', '西渡', '曾伊丽', '15274435963', 1000, '押二付一', '微信支付', '租期中', '2019-04-01 13:49:57');
INSERT INTO `tb_lease` VALUES (195, 2, 1, '天鹅丽都', '西渡', '曾伊丽', '15274435963', 1000, '押二付一', '微信支付', '租期中', '2019-06-01 12:57:15');
INSERT INTO `tb_lease` VALUES (196, 2, 1, '天鹅丽都', '西渡', '曾伊丽', '15274435963', 1000, '押二付一', '微信支付', '租期中', '2019-09-01 19:57:52');
INSERT INTO `tb_lease` VALUES (197, 2, 1, '天鹅丽都', '西渡', '曾伊丽', '15274435963', 1000, '押二付一', '微信支付', '租期中', '2019-06-01 16:56:47');
INSERT INTO `tb_lease` VALUES (198, 2, 1, '天鹅丽都', '西渡', '曾伊丽', '15274435963', 1000, '押二付一', '微信支付', '租期中', '2019-12-01 15:50:34');
INSERT INTO `tb_lease` VALUES (199, 2, 1, '天鹅丽都', '西渡', '曾伊丽', '15274435963', 1000, '押二付一', '微信支付', '租期中', '2019-01-01 17:30:58');
INSERT INTO `tb_lease` VALUES (200, 2, 1, '天鹅丽都', '西渡', '曾伊丽', '15274435963', 1000, '押二付一', '微信支付', '租期中', '2019-09-01 14:25:17');
INSERT INTO `tb_lease` VALUES (201, 2, 1, '天鹅丽都', '西渡', '曾伊丽', '15274435963', 1000, '押二付一', '微信支付', '租期中', '2019-10-01 16:38:13');
INSERT INTO `tb_lease` VALUES (202, 2, 1, '天鹅丽都', '西渡', '曾伊丽', '15274435963', 1000, '押二付一', '微信支付', '租期中', '2019-08-01 19:42:38');
INSERT INTO `tb_lease` VALUES (203, 3, 1, '珠江新城', '广州', '曾伊丽', '15274435963', 3000, '押二付一', '微信支付', '租期中', '2019-08-01 16:25:46');
INSERT INTO `tb_lease` VALUES (204, 3, 1, '珠江新城', '广州', '曾伊丽', '15274435963', 3000, '押二付一', '微信支付', '租期中', '2019-10-01 15:30:35');
INSERT INTO `tb_lease` VALUES (205, 3, 1, '珠江新城', '广州', '曾伊丽', '15274435963', 3000, '押二付一', '微信支付', '租期中', '2019-05-01 12:56:16');
INSERT INTO `tb_lease` VALUES (206, 3, 1, '珠江新城', '广州', '曾伊丽', '15274435963', 3000, '押二付一', '微信支付', '租期中', '2019-10-01 16:40:24');
INSERT INTO `tb_lease` VALUES (207, 3, 1, '珠江新城', '广州', '曾伊丽', '15274435963', 3000, '押二付一', '微信支付', '租期中', '2019-08-01 13:46:44');
INSERT INTO `tb_lease` VALUES (208, 3, 1, '珠江新城', '广州', '曾伊丽', '15274435963', 3000, '押二付一', '微信支付', '租期中', '2019-04-01 11:20:31');
INSERT INTO `tb_lease` VALUES (209, 3, 1, '珠江新城', '广州', '曾伊丽', '15274435963', 3000, '押二付一', '微信支付', '租期中', '2019-08-01 16:29:15');
INSERT INTO `tb_lease` VALUES (210, 3, 1, '珠江新城', '广州', '曾伊丽', '15274435963', 3000, '押二付一', '微信支付', '租期中', '2019-05-01 13:49:56');
INSERT INTO `tb_lease` VALUES (211, 3, 1, '珠江新城', '广州', '曾伊丽', '15274435963', 3000, '押二付一', '微信支付', '租期中', '2019-04-01 17:44:27');
INSERT INTO `tb_lease` VALUES (212, 3, 1, '珠江新城', '广州', '曾伊丽', '15274435963', 3000, '押二付一', '微信支付', '租期中', '2019-08-01 11:44:15');
INSERT INTO `tb_lease` VALUES (213, 3, 1, '珠江新城', '广州', '曾伊丽', '15274435963', 3000, '押二付一', '微信支付', '租期中', '2019-06-01 10:46:41');
INSERT INTO `tb_lease` VALUES (214, 3, 1, '珠江新城', '广州', '曾伊丽', '15274435963', 3000, '押二付一', '微信支付', '租期中', '2019-12-01 18:30:33');
INSERT INTO `tb_lease` VALUES (215, 3, 1, '珠江新城', '广州', '曾伊丽', '15274435963', 3000, '押二付一', '微信支付', '租期中', '2019-03-01 14:47:31');
INSERT INTO `tb_lease` VALUES (216, 3, 1, '珠江新城', '广州', '曾伊丽', '15274435963', 3000, '押二付一', '微信支付', '租期中', '2019-11-01 10:49:46');
INSERT INTO `tb_lease` VALUES (217, 3, 1, '珠江新城', '广州', '曾伊丽', '15274435963', 3000, '押二付一', '微信支付', '租期中', '2019-05-01 14:26:22');
INSERT INTO `tb_lease` VALUES (218, 3, 1, '珠江新城', '广州', '曾伊丽', '15274435963', 3000, '押二付一', '微信支付', '租期中', '2019-04-01 15:46:22');
INSERT INTO `tb_lease` VALUES (219, 3, 1, '珠江新城', '广州', '曾伊丽', '15274435963', 3000, '押二付一', '微信支付', '租期中', '2019-01-01 14:19:37');
INSERT INTO `tb_lease` VALUES (220, 3, 1, '珠江新城', '广州', '曾伊丽', '15274435963', 3000, '押二付一', '微信支付', '租期中', '2019-03-01 14:27:38');
INSERT INTO `tb_lease` VALUES (221, 3, 1, '珠江新城', '广州', '曾伊丽', '15274435963', 3000, '押二付一', '微信支付', '租期中', '2019-10-01 14:35:29');
INSERT INTO `tb_lease` VALUES (222, 3, 1, '珠江新城', '广州', '曾伊丽', '15274435963', 3000, '押二付一', '微信支付', '租期中', '2019-06-01 19:29:17');
INSERT INTO `tb_lease` VALUES (223, 3, 1, '珠江新城', '广州', '曾伊丽', '15274435963', 3000, '押二付一', '微信支付', '租期中', '2019-07-01 13:57:53');
INSERT INTO `tb_lease` VALUES (224, 3, 1, '珠江新城', '广州', '曾伊丽', '15274435963', 3000, '押二付一', '微信支付', '租期中', '2019-07-01 11:50:52');
INSERT INTO `tb_lease` VALUES (225, 3, 1, '珠江新城', '广州', '曾伊丽', '15274435963', 3000, '押二付一', '微信支付', '租期中', '2019-10-01 15:20:34');
INSERT INTO `tb_lease` VALUES (226, 3, 1, '珠江新城', '广州', '曾伊丽', '15274435963', 3000, '押二付一', '微信支付', '租期中', '2019-10-01 14:13:54');
INSERT INTO `tb_lease` VALUES (227, 3, 1, '珠江新城', '广州', '曾伊丽', '15274435963', 3000, '押二付一', '微信支付', '租期中', '2019-04-01 18:26:13');
INSERT INTO `tb_lease` VALUES (228, 3, 1, '珠江新城', '广州', '曾伊丽', '15274435963', 3000, '押二付一', '微信支付', '租期中', '2019-05-01 17:41:52');
INSERT INTO `tb_lease` VALUES (229, 3, 1, '珠江新城', '广州', '曾伊丽', '15274435963', 3000, '押二付一', '微信支付', '租期中', '2019-06-01 15:40:28');
INSERT INTO `tb_lease` VALUES (230, 3, 1, '珠江新城', '广州', '曾伊丽', '15274435963', 3000, '押二付一', '微信支付', '租期中', '2019-12-01 16:39:55');
INSERT INTO `tb_lease` VALUES (231, 3, 1, '珠江新城', '广州', '曾伊丽', '15274435963', 3000, '押二付一', '微信支付', '租期中', '2019-11-01 15:12:42');
INSERT INTO `tb_lease` VALUES (232, 3, 1, '珠江新城', '广州', '曾伊丽', '15274435963', 3000, '押二付一', '微信支付', '租期中', '2019-03-01 19:25:39');
INSERT INTO `tb_lease` VALUES (233, 3, 1, '珠江新城', '广州', '曾伊丽', '15274435963', 3000, '押二付一', '微信支付', '租期中', '2019-01-01 15:28:26');
INSERT INTO `tb_lease` VALUES (234, 3, 1, '珠江新城', '广州', '曾伊丽', '15274435963', 3000, '押二付一', '微信支付', '租期中', '2019-07-01 16:44:37');
INSERT INTO `tb_lease` VALUES (235, 3, 1, '珠江新城', '广州', '曾伊丽', '15274435963', 3000, '押二付一', '微信支付', '租期中', '2019-09-01 17:38:44');
INSERT INTO `tb_lease` VALUES (236, 3, 1, '珠江新城', '广州', '曾伊丽', '15274435963', 3000, '押二付一', '微信支付', '租期中', '2019-10-01 10:36:44');
INSERT INTO `tb_lease` VALUES (237, 3, 1, '珠江新城', '广州', '曾伊丽', '15274435963', 3000, '押二付一', '微信支付', '租期中', '2019-11-01 13:12:20');
INSERT INTO `tb_lease` VALUES (238, 3, 1, '珠江新城', '广州', '曾伊丽', '15274435963', 3000, '押二付一', '微信支付', '租期中', '2019-11-01 18:34:10');
INSERT INTO `tb_lease` VALUES (239, 3, 1, '珠江新城', '广州', '曾伊丽', '15274435963', 3000, '押二付一', '微信支付', '租期中', '2019-07-01 17:11:55');
INSERT INTO `tb_lease` VALUES (240, 3, 1, '珠江新城', '广州', '曾伊丽', '15274435963', 3000, '押二付一', '微信支付', '租期中', '2019-07-01 10:42:14');
INSERT INTO `tb_lease` VALUES (241, 3, 1, '珠江新城', '广州', '曾伊丽', '15274435963', 3000, '押二付一', '微信支付', '租期中', '2019-06-01 11:19:39');
INSERT INTO `tb_lease` VALUES (242, 3, 1, '珠江新城', '广州', '曾伊丽', '15274435963', 3000, '押二付一', '微信支付', '租期中', '2019-05-01 11:47:21');
INSERT INTO `tb_lease` VALUES (243, 3, 1, '珠江新城', '广州', '曾伊丽', '15274435963', 3000, '押二付一', '微信支付', '租期中', '2019-11-01 18:35:11');
INSERT INTO `tb_lease` VALUES (244, 3, 1, '珠江新城', '广州', '曾伊丽', '15274435963', 3000, '押二付一', '微信支付', '租期中', '2019-08-01 18:35:11');
INSERT INTO `tb_lease` VALUES (245, 3, 1, '珠江新城', '广州', '曾伊丽', '15274435963', 3000, '押二付一', '微信支付', '租期中', '2019-07-01 17:57:40');
INSERT INTO `tb_lease` VALUES (246, 3, 1, '珠江新城', '广州', '曾伊丽', '15274435963', 3000, '押二付一', '微信支付', '租期中', '2019-03-01 11:20:39');
INSERT INTO `tb_lease` VALUES (247, 3, 1, '珠江新城', '广州', '曾伊丽', '15274435963', 3000, '押二付一', '微信支付', '租期中', '2019-05-01 19:37:13');
INSERT INTO `tb_lease` VALUES (248, 3, 1, '珠江新城', '广州', '曾伊丽', '15274435963', 3000, '押二付一', '微信支付', '租期中', '2019-08-01 19:53:37');
INSERT INTO `tb_lease` VALUES (250, 3, 1, '珠江新城', '广州', '曾伊丽', '15274435963', 3000, '押二付一', '微信支付', '租期中', '2019-01-01 19:36:54');
INSERT INTO `tb_lease` VALUES (251, 3, 1, '珠江新城', '广州', '曾伊丽', '15274435963', 3000, '押二付一', '微信支付', '租期中', '2019-12-01 18:44:49');

-- ----------------------------
-- Table structure for tb_permission
-- ----------------------------
DROP TABLE IF EXISTS `tb_permission`;
CREATE TABLE `tb_permission`  (
  `id` int(11) NOT NULL AUTO_INCREMENT,
  `permissionName` varchar(20) CHARACTER SET utf8 COLLATE utf8_general_ci NULL DEFAULT NULL,
  `url` varchar(50) CHARACTER SET utf8 COLLATE utf8_general_ci NULL DEFAULT NULL,
  `fatherId` int(11) NULL DEFAULT NULL,
  `menu` int(11) NULL DEFAULT NULL,
  PRIMARY KEY (`id`) USING BTREE
) ENGINE = InnoDB AUTO_INCREMENT = 18 CHARACTER SET = utf8 COLLATE = utf8_general_ci ROW_FORMAT = Dynamic;

-- ----------------------------
-- Records of tb_permission
-- ----------------------------
INSERT INTO `tb_permission` VALUES (1, '用户管理', '', 0, 1);
INSERT INTO `tb_permission` VALUES (2, '客户管理', '', 0, 1);
INSERT INTO `tb_permission` VALUES (3, '楼盘管理', '', 0, 1);
INSERT INTO `tb_permission` VALUES (4, '售房管理', '', 0, 1);
INSERT INTO `tb_permission` VALUES (5, '出租管理', '', 0, 1);
INSERT INTO `tb_permission` VALUES (6, '查看用户', '/user/listUsers', 1, 0);
INSERT INTO `tb_permission` VALUES (7, '查看客户', '/customer/listCustomers', 2, 0);
INSERT INTO `tb_permission` VALUES (8, '添加客户', '/customer/addCustomer', 2, 0);
INSERT INTO `tb_permission` VALUES (9, '查看楼盘', '/build/listBuilds', 3, 0);
INSERT INTO `tb_permission` VALUES (10, '添加楼盘', '/build/addBuild', 3, 0);
INSERT INTO `tb_permission` VALUES (11, '楼盘统计', '/build/buildStatistics', 3, 0);
INSERT INTO `tb_permission` VALUES (12, '查看售房', '/sell/listSells', 4, 0);
INSERT INTO `tb_permission` VALUES (13, '添加售房', '/sell/addSell', 4, 0);
INSERT INTO `tb_permission` VALUES (14, '售房统计', '/sell/sellStatistics', 4, 0);
INSERT INTO `tb_permission` VALUES (15, '查看出租', '/lease/listLeases', 5, 0);
INSERT INTO `tb_permission` VALUES (16, '添加出租', '/lease/addLease', 5, 0);
INSERT INTO `tb_permission` VALUES (17, '出租统计', '/lease/leaseStatistics', 5, 0);

-- ----------------------------
-- Table structure for tb_role
-- ----------------------------
DROP TABLE IF EXISTS `tb_role`;
CREATE TABLE `tb_role`  (
  `id` int(11) NOT NULL AUTO_INCREMENT,
  `roleName` varchar(20) CHARACTER SET utf8 COLLATE utf8_general_ci NULL DEFAULT NULL,
  PRIMARY KEY (`id`) USING BTREE
) ENGINE = InnoDB AUTO_INCREMENT = 3 CHARACTER SET = utf8 COLLATE = utf8_general_ci ROW_FORMAT = Dynamic;

-- ----------------------------
-- Records of tb_role
-- ----------------------------
INSERT INTO `tb_role` VALUES (1, '管理员');
INSERT INTO `tb_role` VALUES (2, '普通用户');

-- ----------------------------
-- Table structure for tb_role_permission
-- ----------------------------
DROP TABLE IF EXISTS `tb_role_permission`;
CREATE TABLE `tb_role_permission`  (
  `id` int(11) NOT NULL AUTO_INCREMENT,
  `roleId` int(11) NULL DEFAULT NULL,
  `permissionId` int(11) NULL DEFAULT NULL,
  PRIMARY KEY (`id`) USING BTREE
) ENGINE = InnoDB AUTO_INCREMENT = 33 CHARACTER SET = utf8 COLLATE = utf8_general_ci ROW_FORMAT = Dynamic;

-- ----------------------------
-- Records of tb_role_permission
-- ----------------------------
INSERT INTO `tb_role_permission` VALUES (1, 1, 1);
INSERT INTO `tb_role_permission` VALUES (2, 1, 2);
INSERT INTO `tb_role_permission` VALUES (3, 1, 3);
INSERT INTO `tb_role_permission` VALUES (4, 1, 4);
INSERT INTO `tb_role_permission` VALUES (5, 1, 5);
INSERT INTO `tb_role_permission` VALUES (6, 1, 6);
INSERT INTO `tb_role_permission` VALUES (7, 1, 7);
INSERT INTO `tb_role_permission` VALUES (8, 1, 8);
INSERT INTO `tb_role_permission` VALUES (9, 1, 9);
INSERT INTO `tb_role_permission` VALUES (10, 1, 10);
INSERT INTO `tb_role_permission` VALUES (11, 1, 11);
INSERT INTO `tb_role_permission` VALUES (12, 1, 12);
INSERT INTO `tb_role_permission` VALUES (13, 1, 13);
INSERT INTO `tb_role_permission` VALUES (15, 1, 15);
INSERT INTO `tb_role_permission` VALUES (16, 1, 16);
INSERT INTO `tb_role_permission` VALUES (19, 2, 1);
INSERT INTO `tb_role_permission` VALUES (20, 2, 2);
INSERT INTO `tb_role_permission` VALUES (21, 2, 3);
INSERT INTO `tb_role_permission` VALUES (22, 2, 4);
INSERT INTO `tb_role_permission` VALUES (23, 2, 5);
INSERT INTO `tb_role_permission` VALUES (24, 2, 6);
INSERT INTO `tb_role_permission` VALUES (25, 2, 7);
INSERT INTO `tb_role_permission` VALUES (26, 2, 9);
INSERT INTO `tb_role_permission` VALUES (27, 2, 11);
INSERT INTO `tb_role_permission` VALUES (28, 2, 12);
INSERT INTO `tb_role_permission` VALUES (30, 2, 15);

-- ----------------------------
-- Table structure for tb_sell
-- ----------------------------
DROP TABLE IF EXISTS `tb_sell`;
CREATE TABLE `tb_sell`  (
  `id` int(11) NOT NULL AUTO_INCREMENT,
  `buildId` int(11) NULL DEFAULT NULL,
  `customerId` int(11) NULL DEFAULT NULL,
  `buildName` varchar(50) CHARACTER SET utf8 COLLATE utf8_general_ci NULL DEFAULT NULL,
  `location` varchar(100) CHARACTER SET utf8 COLLATE utf8_general_ci NULL DEFAULT NULL,
  `price` int(11) NULL DEFAULT NULL,
  `customerName` varchar(20) CHARACTER SET utf8 COLLATE utf8_general_ci NULL DEFAULT NULL,
  `phone` varchar(20) CHARACTER SET utf8 COLLATE utf8_general_ci NULL DEFAULT NULL,
  `status` varchar(20) CHARACTER SET utf8 COLLATE utf8_general_ci NULL DEFAULT NULL,
  `sellType` varchar(20) CHARACTER SET utf8 COLLATE utf8_general_ci NULL DEFAULT NULL,
  `date` datetime(0) NULL DEFAULT NULL,
  PRIMARY KEY (`id`) USING BTREE
) ENGINE = InnoDB AUTO_INCREMENT = 664 CHARACTER SET = utf8 COLLATE = utf8_general_ci ROW_FORMAT = Dynamic;

-- ----------------------------
-- Records of tb_sell
-- ----------------------------
INSERT INTO `tb_sell` VALUES (1, 1, 1, '碧桂园', '广州', 4000000, '曾伊丽', '15274435963', '已交房', '线下看房支付', '2019-03-13 16:00:57');
INSERT INTO `tb_sell` VALUES (14, 2, 4, '天鹅丽都', '西渡', 600000, '曾佳', '18774518598', '已交房', '线下看房支付', '2019-03-13 18:00:50');
INSERT INTO `tb_sell` VALUES (15, 1, 4, '碧桂园', '中山', 2000000, '曾佳', '18774518598', '已交房', '线下看房支付', '2019-03-14 12:00:46');
INSERT INTO `tb_sell` VALUES (16, 1, 4, '碧桂园', '广州', 3000000, '曾佳', '18774518598', '已交房', '线下看房支付', '2019-04-01 12:00:37');
INSERT INTO `tb_sell` VALUES (18, 3, 4, '珠江新城', '广州天河区', 40000, '曾佳', '18774518598', '已交房', '线下看房支付', '2019-03-13 16:00:57');
INSERT INTO `tb_sell` VALUES (19, 1, 1, '碧桂园', '广州', 4000000, '曾伊丽', '18774518598', '已交房', '线下看房支付', '2019-11-01 14:21:51');
INSERT INTO `tb_sell` VALUES (20, 1, 1, '碧桂园', '广州', 4000000, '曾伊丽', '18774518598', '已交房', '线下看房支付', '2019-07-01 12:27:20');
INSERT INTO `tb_sell` VALUES (21, 1, 1, '碧桂园', '广州', 4000000, '曾伊丽', '18774518598', '已交房', '线下看房支付', '2019-11-01 11:11:40');
INSERT INTO `tb_sell` VALUES (22, 1, 1, '碧桂园', '广州', 4000000, '曾伊丽', '18774518598', '已交房', '线下看房支付', '2019-01-01 11:44:12');
INSERT INTO `tb_sell` VALUES (23, 1, 1, '碧桂园', '广州', 4000000, '曾伊丽', '18774518598', '已交房', '线下看房支付', '2019-03-01 18:40:37');
INSERT INTO `tb_sell` VALUES (24, 1, 1, '碧桂园', '广州', 4000000, '曾伊丽', '18774518598', '已交房', '线下看房支付', '2019-11-01 19:58:15');
INSERT INTO `tb_sell` VALUES (25, 1, 1, '碧桂园', '广州', 4000000, '曾伊丽', '18774518598', '已交房', '线下看房支付', '2019-07-01 16:36:41');
INSERT INTO `tb_sell` VALUES (26, 1, 1, '碧桂园', '广州', 4000000, '曾伊丽', '18774518598', '已交房', '线下看房支付', '2019-08-01 12:29:20');
INSERT INTO `tb_sell` VALUES (27, 1, 1, '碧桂园', '广州', 4000000, '曾伊丽', '18774518598', '已交房', '线下看房支付', '2019-10-01 16:32:35');
INSERT INTO `tb_sell` VALUES (28, 1, 1, '碧桂园', '广州', 4000000, '曾伊丽', '18774518598', '已交房', '线下看房支付', '2019-03-01 15:54:10');
INSERT INTO `tb_sell` VALUES (29, 1, 1, '碧桂园', '广州', 4000000, '曾伊丽', '18774518598', '已交房', '线下看房支付', '2019-04-01 15:50:34');
INSERT INTO `tb_sell` VALUES (30, 1, 1, '碧桂园', '广州', 4000000, '曾伊丽', '18774518598', '已交房', '线下看房支付', '2019-01-01 16:14:37');
INSERT INTO `tb_sell` VALUES (31, 1, 1, '碧桂园', '广州', 4000000, '曾伊丽', '18774518598', '已交房', '线下看房支付', '2019-06-01 18:41:45');
INSERT INTO `tb_sell` VALUES (32, 1, 1, '碧桂园', '广州', 4000000, '曾伊丽', '18774518598', '已交房', '线下看房支付', '2019-08-01 12:15:54');
INSERT INTO `tb_sell` VALUES (33, 1, 1, '碧桂园', '广州', 4000000, '曾伊丽', '18774518598', '已交房', '线下看房支付', '2019-03-01 12:48:15');
INSERT INTO `tb_sell` VALUES (34, 1, 1, '碧桂园', '广州', 4000000, '曾伊丽', '18774518598', '已交房', '线下看房支付', '2019-02-01 14:53:10');
INSERT INTO `tb_sell` VALUES (35, 1, 1, '碧桂园', '广州', 4000000, '曾伊丽', '18774518598', '已交房', '线下看房支付', '2019-05-01 18:24:49');
INSERT INTO `tb_sell` VALUES (36, 1, 1, '碧桂园', '广州', 4000000, '曾伊丽', '18774518598', '已交房', '线下看房支付', '2019-02-01 13:14:35');
INSERT INTO `tb_sell` VALUES (37, 1, 1, '碧桂园', '广州', 4000000, '曾伊丽', '18774518598', '已交房', '线下看房支付', '2019-05-01 12:20:24');
INSERT INTO `tb_sell` VALUES (38, 1, 1, '碧桂园', '广州', 4000000, '曾伊丽', '18774518598', '已交房', '线下看房支付', '2019-09-01 11:19:38');
INSERT INTO `tb_sell` VALUES (39, 1, 1, '碧桂园', '广州', 4000000, '曾伊丽', '18774518598', '已交房', '线下看房支付', '2019-04-01 10:20:53');
INSERT INTO `tb_sell` VALUES (40, 1, 1, '碧桂园', '广州', 4000000, '曾伊丽', '18774518598', '已交房', '线下看房支付', '2019-10-01 15:11:39');
INSERT INTO `tb_sell` VALUES (41, 1, 1, '碧桂园', '广州', 4000000, '曾伊丽', '18774518598', '已交房', '线下看房支付', '2019-11-01 19:53:40');
INSERT INTO `tb_sell` VALUES (42, 1, 1, '碧桂园', '广州', 4000000, '曾伊丽', '18774518598', '已交房', '线下看房支付', '2019-05-01 12:16:49');
INSERT INTO `tb_sell` VALUES (43, 1, 1, '碧桂园', '广州', 4000000, '曾伊丽', '18774518598', '已交房', '线下看房支付', '2019-07-01 17:51:58');
INSERT INTO `tb_sell` VALUES (44, 1, 1, '碧桂园', '广州', 4000000, '曾伊丽', '18774518598', '已交房', '线下看房支付', '2019-05-01 10:13:18');
INSERT INTO `tb_sell` VALUES (45, 1, 1, '碧桂园', '广州', 4000000, '曾伊丽', '18774518598', '已交房', '线下看房支付', '2019-08-01 18:26:13');
INSERT INTO `tb_sell` VALUES (46, 1, 1, '碧桂园', '广州', 4000000, '曾伊丽', '18774518598', '已交房', '线下看房支付', '2019-04-01 15:35:13');
INSERT INTO `tb_sell` VALUES (47, 1, 1, '碧桂园', '广州', 4000000, '曾伊丽', '18774518598', '已交房', '线下看房支付', '2019-10-01 19:16:54');
INSERT INTO `tb_sell` VALUES (48, 1, 1, '碧桂园', '广州', 4000000, '曾伊丽', '18774518598', '已交房', '线下看房支付', '2019-02-01 17:37:32');
INSERT INTO `tb_sell` VALUES (49, 1, 1, '碧桂园', '广州', 4000000, '曾伊丽', '18774518598', '已交房', '线下看房支付', '2019-08-01 18:20:39');
INSERT INTO `tb_sell` VALUES (50, 1, 1, '碧桂园', '广州', 4000000, '曾伊丽', '18774518598', '已交房', '线下看房支付', '2019-05-01 10:57:50');
INSERT INTO `tb_sell` VALUES (51, 1, 1, '碧桂园', '广州', 4000000, '曾伊丽', '18774518598', '已交房', '线下看房支付', '2019-03-01 17:56:36');
INSERT INTO `tb_sell` VALUES (52, 1, 1, '碧桂园', '广州', 4000000, '曾伊丽', '18774518598', '已交房', '线下看房支付', '2019-10-01 16:41:26');
INSERT INTO `tb_sell` VALUES (53, 1, 1, '碧桂园', '广州', 4000000, '曾伊丽', '18774518598', '已交房', '线下看房支付', '2019-08-01 14:24:10');
INSERT INTO `tb_sell` VALUES (54, 1, 1, '碧桂园', '广州', 4000000, '曾伊丽', '18774518598', '已交房', '线下看房支付', '2019-03-01 11:55:22');
INSERT INTO `tb_sell` VALUES (55, 1, 1, '碧桂园', '广州', 4000000, '曾伊丽', '18774518598', '已交房', '线下看房支付', '2019-06-01 17:22:11');
INSERT INTO `tb_sell` VALUES (56, 1, 1, '碧桂园', '广州', 4000000, '曾伊丽', '18774518598', '已交房', '线下看房支付', '2019-05-01 19:33:39');
INSERT INTO `tb_sell` VALUES (57, 1, 1, '碧桂园', '广州', 4000000, '曾伊丽', '18774518598', '已交房', '线下看房支付', '2019-07-01 10:34:26');
INSERT INTO `tb_sell` VALUES (58, 1, 1, '碧桂园', '广州', 4000000, '曾伊丽', '18774518598', '已交房', '线下看房支付', '2019-02-01 18:43:56');
INSERT INTO `tb_sell` VALUES (59, 1, 1, '碧桂园', '广州', 4000000, '曾伊丽', '18774518598', '已交房', '线下看房支付', '2019-08-01 16:14:35');
INSERT INTO `tb_sell` VALUES (60, 1, 1, '碧桂园', '广州', 4000000, '曾伊丽', '18774518598', '已交房', '线下看房支付', '2019-05-01 13:28:57');
INSERT INTO `tb_sell` VALUES (61, 1, 1, '碧桂园', '广州', 4000000, '曾伊丽', '18774518598', '已交房', '线下看房支付', '2019-09-01 18:58:27');
INSERT INTO `tb_sell` VALUES (62, 1, 1, '碧桂园', '广州', 4000000, '曾伊丽', '18774518598', '已交房', '线下看房支付', '2019-10-01 12:40:27');
INSERT INTO `tb_sell` VALUES (63, 1, 1, '碧桂园', '广州', 4000000, '曾伊丽', '18774518598', '已交房', '线下看房支付', '2019-11-01 17:47:38');
INSERT INTO `tb_sell` VALUES (64, 1, 1, '碧桂园', '广州', 4000000, '曾伊丽', '18774518598', '已交房', '线下看房支付', '2019-08-01 16:21:21');
INSERT INTO `tb_sell` VALUES (65, 1, 1, '碧桂园', '广州', 4000000, '曾伊丽', '18774518598', '已交房', '线下看房支付', '2019-05-01 13:37:45');
INSERT INTO `tb_sell` VALUES (66, 1, 1, '碧桂园', '广州', 4000000, '曾伊丽', '18774518598', '已交房', '线下看房支付', '2019-11-01 14:28:39');
INSERT INTO `tb_sell` VALUES (67, 1, 1, '碧桂园', '广州', 4000000, '曾伊丽', '18774518598', '已交房', '线下看房支付', '2019-10-01 16:42:23');
INSERT INTO `tb_sell` VALUES (68, 1, 1, '碧桂园', '广州', 4000000, '曾伊丽', '18774518598', '已交房', '线下看房支付', '2019-05-01 12:49:30');
INSERT INTO `tb_sell` VALUES (69, 1, 1, '碧桂园', '广州', 4000000, '曾伊丽', '18774518598', '已交房', '线下看房支付', '2019-08-01 11:47:24');
INSERT INTO `tb_sell` VALUES (70, 1, 1, '碧桂园', '广州', 4000000, '曾伊丽', '18774518598', '已交房', '线下看房支付', '2019-03-01 10:42:18');
INSERT INTO `tb_sell` VALUES (71, 1, 1, '碧桂园', '广州', 4000000, '曾伊丽', '18774518598', '已交房', '线下看房支付', '2019-11-01 10:34:27');
INSERT INTO `tb_sell` VALUES (72, 1, 1, '碧桂园', '广州', 4000000, '曾伊丽', '18774518598', '已交房', '线下看房支付', '2019-04-01 13:11:58');
INSERT INTO `tb_sell` VALUES (73, 1, 1, '碧桂园', '广州', 4000000, '曾伊丽', '18774518598', '已交房', '线下看房支付', '2019-10-01 13:56:52');
INSERT INTO `tb_sell` VALUES (74, 1, 1, '碧桂园', '广州', 4000000, '曾伊丽', '18774518598', '已交房', '线下看房支付', '2019-05-01 16:55:42');
INSERT INTO `tb_sell` VALUES (75, 1, 1, '碧桂园', '广州', 4000000, '曾伊丽', '18774518598', '已交房', '线下看房支付', '2019-07-01 18:27:25');
INSERT INTO `tb_sell` VALUES (76, 1, 1, '碧桂园', '广州', 4000000, '曾伊丽', '18774518598', '已交房', '线下看房支付', '2019-06-01 17:11:55');
INSERT INTO `tb_sell` VALUES (77, 1, 1, '碧桂园', '广州', 4000000, '曾伊丽', '18774518598', '已交房', '线下看房支付', '2019-07-01 12:22:43');
INSERT INTO `tb_sell` VALUES (78, 1, 1, '碧桂园', '广州', 4000000, '曾伊丽', '18774518598', '已交房', '线下看房支付', '2019-07-01 19:48:20');
INSERT INTO `tb_sell` VALUES (79, 1, 1, '碧桂园', '广州', 4000000, '曾伊丽', '18774518598', '已交房', '线下看房支付', '2019-08-01 18:14:55');
INSERT INTO `tb_sell` VALUES (80, 1, 1, '碧桂园', '广州', 4000000, '曾伊丽', '18774518598', '已交房', '线下看房支付', '2019-05-01 10:26:31');
INSERT INTO `tb_sell` VALUES (81, 1, 1, '碧桂园', '广州', 4000000, '曾伊丽', '18774518598', '已交房', '线下看房支付', '2019-02-01 15:23:41');
INSERT INTO `tb_sell` VALUES (82, 1, 1, '碧桂园', '广州', 4000000, '曾伊丽', '18774518598', '已交房', '线下看房支付', '2019-06-01 13:29:53');
INSERT INTO `tb_sell` VALUES (83, 1, 1, '碧桂园', '广州', 4000000, '曾伊丽', '18774518598', '已交房', '线下看房支付', '2019-03-01 16:23:37');
INSERT INTO `tb_sell` VALUES (84, 1, 1, '碧桂园', '广州', 4000000, '曾伊丽', '18774518598', '已交房', '线下看房支付', '2019-11-01 12:33:37');
INSERT INTO `tb_sell` VALUES (85, 1, 1, '碧桂园', '广州', 4000000, '曾伊丽', '18774518598', '已交房', '线下看房支付', '2019-04-01 18:28:26');
INSERT INTO `tb_sell` VALUES (86, 1, 1, '碧桂园', '广州', 4000000, '曾伊丽', '18774518598', '已交房', '线下看房支付', '2019-07-01 18:32:47');
INSERT INTO `tb_sell` VALUES (87, 1, 1, '碧桂园', '广州', 4000000, '曾伊丽', '18774518598', '已交房', '线下看房支付', '2019-06-01 10:12:56');
INSERT INTO `tb_sell` VALUES (88, 1, 1, '碧桂园', '广州', 4000000, '曾伊丽', '18774518598', '已交房', '线下看房支付', '2019-07-01 11:49:41');
INSERT INTO `tb_sell` VALUES (89, 1, 1, '碧桂园', '广州', 4000000, '曾伊丽', '18774518598', '已交房', '线下看房支付', '2019-10-01 13:22:19');
INSERT INTO `tb_sell` VALUES (90, 1, 1, '碧桂园', '广州', 4000000, '曾伊丽', '18774518598', '已交房', '线下看房支付', '2019-02-01 12:50:28');
INSERT INTO `tb_sell` VALUES (91, 1, 1, '碧桂园', '广州', 4000000, '曾伊丽', '18774518598', '已交房', '线下看房支付', '2019-04-01 16:10:22');
INSERT INTO `tb_sell` VALUES (92, 1, 1, '碧桂园', '广州', 4000000, '曾伊丽', '18774518598', '已交房', '线下看房支付', '2019-03-01 14:29:46');
INSERT INTO `tb_sell` VALUES (93, 1, 1, '碧桂园', '广州', 4000000, '曾伊丽', '18774518598', '已交房', '线下看房支付', '2019-06-01 11:29:35');
INSERT INTO `tb_sell` VALUES (94, 1, 1, '碧桂园', '广州', 4000000, '曾伊丽', '18774518598', '已交房', '线下看房支付', '2019-05-01 13:45:32');
INSERT INTO `tb_sell` VALUES (95, 1, 1, '碧桂园', '广州', 4000000, '曾伊丽', '18774518598', '已交房', '线下看房支付', '2019-02-01 14:39:48');
INSERT INTO `tb_sell` VALUES (96, 1, 1, '碧桂园', '广州', 4000000, '曾伊丽', '18774518598', '已交房', '线下看房支付', '2019-01-01 10:54:33');
INSERT INTO `tb_sell` VALUES (97, 1, 1, '碧桂园', '广州', 4000000, '曾伊丽', '18774518598', '已交房', '线下看房支付', '2019-08-01 18:27:20');
INSERT INTO `tb_sell` VALUES (98, 1, 1, '碧桂园', '广州', 4000000, '曾伊丽', '18774518598', '已交房', '线下看房支付', '2019-11-01 11:10:34');
INSERT INTO `tb_sell` VALUES (99, 1, 1, '碧桂园', '广州', 4000000, '曾伊丽', '18774518598', '已交房', '线下看房支付', '2019-05-01 17:37:31');
INSERT INTO `tb_sell` VALUES (100, 1, 1, '碧桂园', '广州', 4000000, '曾伊丽', '18774518598', '已交房', '线下看房支付', '2019-06-01 13:18:50');
INSERT INTO `tb_sell` VALUES (101, 1, 1, '碧桂园', '广州', 4000000, '曾伊丽', '18774518598', '已交房', '线下看房支付', '2019-07-01 14:39:38');
INSERT INTO `tb_sell` VALUES (102, 1, 1, '碧桂园', '广州', 4000000, '曾伊丽', '18774518598', '已交房', '线下看房支付', '2019-01-01 16:50:26');
INSERT INTO `tb_sell` VALUES (103, 1, 1, '碧桂园', '广州', 4000000, '曾伊丽', '18774518598', '已交房', '线下看房支付', '2019-03-01 10:35:35');
INSERT INTO `tb_sell` VALUES (104, 1, 1, '碧桂园', '广州', 4000000, '曾伊丽', '18774518598', '已交房', '线下看房支付', '2019-01-01 15:52:37');
INSERT INTO `tb_sell` VALUES (105, 1, 1, '碧桂园', '广州', 4000000, '曾伊丽', '18774518598', '已交房', '线下看房支付', '2019-03-01 13:57:55');
INSERT INTO `tb_sell` VALUES (106, 1, 1, '碧桂园', '广州', 4000000, '曾伊丽', '18774518598', '已交房', '线下看房支付', '2019-08-01 18:57:26');
INSERT INTO `tb_sell` VALUES (107, 1, 1, '碧桂园', '广州', 4000000, '曾伊丽', '18774518598', '已交房', '线下看房支付', '2019-09-01 10:50:55');
INSERT INTO `tb_sell` VALUES (108, 1, 1, '碧桂园', '广州', 4000000, '曾伊丽', '18774518598', '已交房', '线下看房支付', '2019-02-01 11:13:56');
INSERT INTO `tb_sell` VALUES (109, 1, 1, '碧桂园', '广州', 4000000, '曾伊丽', '18774518598', '已交房', '线下看房支付', '2019-07-01 19:13:33');
INSERT INTO `tb_sell` VALUES (110, 1, 1, '碧桂园', '广州', 4000000, '曾伊丽', '18774518598', '已交房', '线下看房支付', '2019-03-01 16:28:13');
INSERT INTO `tb_sell` VALUES (111, 1, 1, '碧桂园', '广州', 4000000, '曾伊丽', '18774518598', '已交房', '线下看房支付', '2019-03-01 19:21:20');
INSERT INTO `tb_sell` VALUES (112, 1, 1, '碧桂园', '广州', 4000000, '曾伊丽', '18774518598', '已交房', '线下看房支付', '2019-05-01 11:47:24');
INSERT INTO `tb_sell` VALUES (113, 1, 1, '碧桂园', '广州', 4000000, '曾伊丽', '18774518598', '已交房', '线下看房支付', '2019-02-01 19:28:55');
INSERT INTO `tb_sell` VALUES (114, 1, 1, '碧桂园', '广州', 4000000, '曾伊丽', '18774518598', '已交房', '线下看房支付', '2019-06-01 18:51:38');
INSERT INTO `tb_sell` VALUES (115, 1, 1, '碧桂园', '广州', 4000000, '曾伊丽', '18774518598', '已交房', '线下看房支付', '2019-04-01 18:32:41');
INSERT INTO `tb_sell` VALUES (116, 1, 1, '碧桂园', '广州', 4000000, '曾伊丽', '18774518598', '已交房', '线下看房支付', '2019-10-01 12:37:17');
INSERT INTO `tb_sell` VALUES (117, 1, 1, '碧桂园', '广州', 4000000, '曾伊丽', '18774518598', '已交房', '线下看房支付', '2019-01-01 19:30:23');
INSERT INTO `tb_sell` VALUES (118, 1, 1, '碧桂园', '广州', 4000000, '曾伊丽', '18774518598', '已交房', '线下看房支付', '2019-02-01 17:37:30');
INSERT INTO `tb_sell` VALUES (119, 1, 1, '碧桂园', '广州', 4000000, '曾伊丽', '18774518598', '已交房', '线下看房支付', '2019-06-01 19:35:43');
INSERT INTO `tb_sell` VALUES (120, 1, 1, '碧桂园', '广州', 4000000, '曾伊丽', '18774518598', '已交房', '线下看房支付', '2019-11-01 12:42:38');
INSERT INTO `tb_sell` VALUES (121, 1, 1, '碧桂园', '广州', 4000000, '曾伊丽', '18774518598', '已交房', '线下看房支付', '2019-11-01 16:36:50');
INSERT INTO `tb_sell` VALUES (122, 1, 1, '碧桂园', '广州', 4000000, '曾伊丽', '18774518598', '已交房', '线下看房支付', '2019-07-01 10:55:27');
INSERT INTO `tb_sell` VALUES (123, 1, 1, '碧桂园', '广州', 4000000, '曾伊丽', '18774518598', '已交房', '线下看房支付', '2019-12-01 19:36:56');
INSERT INTO `tb_sell` VALUES (124, 1, 1, '碧桂园', '广州', 4000000, '曾伊丽', '18774518598', '已交房', '线下看房支付', '2019-03-01 10:39:56');
INSERT INTO `tb_sell` VALUES (125, 1, 1, '碧桂园', '广州', 4000000, '曾伊丽', '18774518598', '已交房', '线下看房支付', '2019-11-01 16:29:16');
INSERT INTO `tb_sell` VALUES (126, 1, 1, '碧桂园', '广州', 4000000, '曾伊丽', '18774518598', '已交房', '线下看房支付', '2019-06-01 19:29:16');
INSERT INTO `tb_sell` VALUES (127, 1, 1, '碧桂园', '广州', 4000000, '曾伊丽', '18774518598', '已交房', '线下看房支付', '2019-06-01 18:52:51');
INSERT INTO `tb_sell` VALUES (128, 1, 1, '碧桂园', '广州', 4000000, '曾伊丽', '18774518598', '已交房', '线下看房支付', '2019-08-01 14:41:45');
INSERT INTO `tb_sell` VALUES (129, 1, 1, '碧桂园', '广州', 4000000, '曾伊丽', '18774518598', '已交房', '线下看房支付', '2019-09-01 11:56:18');
INSERT INTO `tb_sell` VALUES (130, 1, 1, '碧桂园', '广州', 4000000, '曾伊丽', '18774518598', '已交房', '线下看房支付', '2019-01-01 17:30:54');
INSERT INTO `tb_sell` VALUES (131, 1, 1, '碧桂园', '广州', 4000000, '曾伊丽', '18774518598', '已交房', '线下看房支付', '2019-04-01 18:23:51');
INSERT INTO `tb_sell` VALUES (132, 1, 1, '碧桂园', '广州', 4000000, '曾伊丽', '18774518598', '已交房', '线下看房支付', '2019-05-01 13:49:50');
INSERT INTO `tb_sell` VALUES (133, 1, 1, '碧桂园', '广州', 4000000, '曾伊丽', '18774518598', '已交房', '线下看房支付', '2019-09-01 12:57:18');
INSERT INTO `tb_sell` VALUES (134, 1, 1, '碧桂园', '广州', 4000000, '曾伊丽', '18774518598', '已交房', '线下看房支付', '2019-11-01 19:55:54');
INSERT INTO `tb_sell` VALUES (135, 1, 1, '碧桂园', '广州', 4000000, '曾伊丽', '18774518598', '已交房', '线下看房支付', '2019-10-01 11:33:55');
INSERT INTO `tb_sell` VALUES (136, 1, 1, '碧桂园', '广州', 4000000, '曾伊丽', '18774518598', '已交房', '线下看房支付', '2019-03-01 12:38:18');
INSERT INTO `tb_sell` VALUES (137, 1, 1, '碧桂园', '广州', 4000000, '曾伊丽', '18774518598', '已交房', '线下看房支付', '2019-02-01 11:19:42');
INSERT INTO `tb_sell` VALUES (138, 1, 1, '碧桂园', '广州', 4000000, '曾伊丽', '18774518598', '已交房', '线下看房支付', '2019-09-01 14:58:46');
INSERT INTO `tb_sell` VALUES (139, 1, 1, '碧桂园', '广州', 4000000, '曾伊丽', '18774518598', '已交房', '线下看房支付', '2019-10-01 15:33:47');
INSERT INTO `tb_sell` VALUES (140, 1, 1, '碧桂园', '广州', 4000000, '曾伊丽', '18774518598', '已交房', '线下看房支付', '2019-05-01 15:37:20');
INSERT INTO `tb_sell` VALUES (141, 1, 1, '碧桂园', '广州', 4000000, '曾伊丽', '18774518598', '已交房', '线下看房支付', '2019-05-01 13:38:52');
INSERT INTO `tb_sell` VALUES (142, 1, 1, '碧桂园', '广州', 4000000, '曾伊丽', '18774518598', '已交房', '线下看房支付', '2019-07-01 11:16:21');
INSERT INTO `tb_sell` VALUES (143, 1, 1, '碧桂园', '广州', 4000000, '曾伊丽', '18774518598', '已交房', '线下看房支付', '2019-10-01 10:17:34');
INSERT INTO `tb_sell` VALUES (144, 1, 1, '碧桂园', '广州', 4000000, '曾伊丽', '18774518598', '已交房', '线下看房支付', '2019-01-01 17:34:27');
INSERT INTO `tb_sell` VALUES (145, 1, 1, '碧桂园', '广州', 4000000, '曾伊丽', '18774518598', '已交房', '线下看房支付', '2019-04-01 12:38:14');
INSERT INTO `tb_sell` VALUES (146, 1, 1, '碧桂园', '广州', 4000000, '曾伊丽', '18774518598', '已交房', '线下看房支付', '2019-09-01 13:31:20');
INSERT INTO `tb_sell` VALUES (147, 1, 1, '碧桂园', '广州', 4000000, '曾伊丽', '18774518598', '已交房', '线下看房支付', '2019-10-01 11:40:37');
INSERT INTO `tb_sell` VALUES (148, 1, 1, '碧桂园', '广州', 4000000, '曾伊丽', '18774518598', '已交房', '线下看房支付', '2019-12-01 10:32:14');
INSERT INTO `tb_sell` VALUES (149, 1, 1, '碧桂园', '广州', 4000000, '曾伊丽', '18774518598', '已交房', '线下看房支付', '2019-02-01 12:55:53');
INSERT INTO `tb_sell` VALUES (150, 1, 1, '碧桂园', '广州', 4000000, '曾伊丽', '18774518598', '已交房', '线下看房支付', '2019-08-01 14:38:29');
INSERT INTO `tb_sell` VALUES (151, 1, 1, '碧桂园', '广州', 4000000, '曾伊丽', '18774518598', '已交房', '线下看房支付', '2019-03-01 10:32:18');
INSERT INTO `tb_sell` VALUES (152, 1, 1, '碧桂园', '广州', 4000000, '曾伊丽', '18774518598', '已交房', '线下看房支付', '2019-06-01 18:55:58');
INSERT INTO `tb_sell` VALUES (153, 1, 1, '碧桂园', '广州', 4000000, '曾伊丽', '18774518598', '已交房', '线下看房支付', '2019-03-01 10:35:35');
INSERT INTO `tb_sell` VALUES (154, 1, 1, '碧桂园', '广州', 4000000, '曾伊丽', '18774518598', '已交房', '线下看房支付', '2019-01-01 15:47:15');
INSERT INTO `tb_sell` VALUES (155, 1, 1, '碧桂园', '广州', 4000000, '曾伊丽', '18774518598', '已交房', '线下看房支付', '2019-04-01 12:13:45');
INSERT INTO `tb_sell` VALUES (156, 1, 1, '碧桂园', '广州', 4000000, '曾伊丽', '18774518598', '已交房', '线下看房支付', '2019-05-01 19:24:44');
INSERT INTO `tb_sell` VALUES (157, 1, 1, '碧桂园', '广州', 4000000, '曾伊丽', '18774518598', '已交房', '线下看房支付', '2019-09-01 14:55:28');
INSERT INTO `tb_sell` VALUES (158, 1, 1, '碧桂园', '广州', 4000000, '曾伊丽', '18774518598', '已交房', '线下看房支付', '2019-02-01 13:25:40');
INSERT INTO `tb_sell` VALUES (159, 1, 1, '碧桂园', '广州', 4000000, '曾伊丽', '18774518598', '已交房', '线下看房支付', '2019-02-01 19:24:39');
INSERT INTO `tb_sell` VALUES (160, 1, 1, '碧桂园', '广州', 4000000, '曾伊丽', '18774518598', '已交房', '线下看房支付', '2019-02-01 19:29:12');
INSERT INTO `tb_sell` VALUES (161, 1, 1, '碧桂园', '广州', 4000000, '曾伊丽', '18774518598', '已交房', '线下看房支付', '2019-01-01 12:53:49');
INSERT INTO `tb_sell` VALUES (162, 1, 1, '碧桂园', '广州', 4000000, '曾伊丽', '18774518598', '已交房', '线下看房支付', '2019-05-01 12:27:55');
INSERT INTO `tb_sell` VALUES (163, 1, 1, '碧桂园', '广州', 4000000, '曾伊丽', '18774518598', '已交房', '线下看房支付', '2019-08-01 11:56:27');
INSERT INTO `tb_sell` VALUES (164, 1, 1, '碧桂园', '广州', 4000000, '曾伊丽', '18774518598', '已交房', '线下看房支付', '2019-12-01 16:20:22');
INSERT INTO `tb_sell` VALUES (165, 1, 1, '碧桂园', '广州', 4000000, '曾伊丽', '18774518598', '已交房', '线下看房支付', '2019-08-01 14:26:25');
INSERT INTO `tb_sell` VALUES (166, 1, 1, '碧桂园', '广州', 4000000, '曾伊丽', '18774518598', '已交房', '线下看房支付', '2019-07-01 17:12:13');
INSERT INTO `tb_sell` VALUES (167, 1, 1, '碧桂园', '广州', 4000000, '曾伊丽', '18774518598', '已交房', '线下看房支付', '2019-03-01 18:37:25');
INSERT INTO `tb_sell` VALUES (168, 1, 1, '碧桂园', '广州', 4000000, '曾伊丽', '18774518598', '已交房', '线下看房支付', '2019-11-01 15:56:17');
INSERT INTO `tb_sell` VALUES (169, 1, 1, '碧桂园', '广州', 4000000, '曾伊丽', '18774518598', '已交房', '线下看房支付', '2019-12-01 11:18:25');
INSERT INTO `tb_sell` VALUES (170, 1, 1, '碧桂园', '广州', 4000000, '曾伊丽', '18774518598', '已交房', '线下看房支付', '2019-01-01 10:29:46');
INSERT INTO `tb_sell` VALUES (171, 1, 1, '碧桂园', '广州', 4000000, '曾伊丽', '18774518598', '已交房', '线下看房支付', '2019-07-01 15:22:34');
INSERT INTO `tb_sell` VALUES (172, 1, 1, '碧桂园', '广州', 4000000, '曾伊丽', '18774518598', '已交房', '线下看房支付', '2019-09-01 10:15:32');
INSERT INTO `tb_sell` VALUES (173, 1, 1, '碧桂园', '广州', 4000000, '曾伊丽', '18774518598', '已交房', '线下看房支付', '2019-11-01 12:24:52');
INSERT INTO `tb_sell` VALUES (174, 1, 1, '碧桂园', '广州', 4000000, '曾伊丽', '18774518598', '已交房', '线下看房支付', '2019-06-01 15:25:10');
INSERT INTO `tb_sell` VALUES (175, 1, 1, '碧桂园', '广州', 4000000, '曾伊丽', '18774518598', '已交房', '线下看房支付', '2019-02-01 15:34:48');
INSERT INTO `tb_sell` VALUES (176, 1, 1, '碧桂园', '广州', 4000000, '曾伊丽', '18774518598', '已交房', '线下看房支付', '2019-06-01 17:41:53');
INSERT INTO `tb_sell` VALUES (177, 1, 1, '碧桂园', '广州', 4000000, '曾伊丽', '18774518598', '已交房', '线下看房支付', '2019-06-01 17:25:26');
INSERT INTO `tb_sell` VALUES (178, 1, 1, '碧桂园', '广州', 4000000, '曾伊丽', '18774518598', '已交房', '线下看房支付', '2019-09-01 17:25:32');
INSERT INTO `tb_sell` VALUES (179, 1, 1, '碧桂园', '广州', 4000000, '曾伊丽', '18774518598', '已交房', '线下看房支付', '2019-05-01 14:57:38');
INSERT INTO `tb_sell` VALUES (180, 1, 1, '碧桂园', '广州', 4000000, '曾伊丽', '18774518598', '已交房', '线下看房支付', '2019-01-01 14:15:20');
INSERT INTO `tb_sell` VALUES (181, 1, 1, '碧桂园', '广州', 4000000, '曾伊丽', '18774518598', '已交房', '线下看房支付', '2019-09-01 18:27:17');
INSERT INTO `tb_sell` VALUES (182, 1, 1, '碧桂园', '广州', 4000000, '曾伊丽', '18774518598', '已交房', '线下看房支付', '2019-08-01 17:51:56');
INSERT INTO `tb_sell` VALUES (183, 1, 1, '碧桂园', '广州', 4000000, '曾伊丽', '18774518598', '已交房', '线下看房支付', '2019-04-01 14:29:44');
INSERT INTO `tb_sell` VALUES (184, 1, 1, '碧桂园', '广州', 4000000, '曾伊丽', '18774518598', '已交房', '线下看房支付', '2019-04-01 14:19:43');
INSERT INTO `tb_sell` VALUES (185, 1, 1, '碧桂园', '广州', 4000000, '曾伊丽', '18774518598', '已交房', '线下看房支付', '2019-11-01 11:25:15');
INSERT INTO `tb_sell` VALUES (186, 1, 1, '碧桂园', '广州', 4000000, '曾伊丽', '18774518598', '已交房', '线下看房支付', '2019-08-01 16:34:34');
INSERT INTO `tb_sell` VALUES (187, 1, 1, '碧桂园', '广州', 4000000, '曾伊丽', '18774518598', '已交房', '线下看房支付', '2019-01-01 15:45:57');
INSERT INTO `tb_sell` VALUES (188, 1, 1, '碧桂园', '广州', 4000000, '曾伊丽', '18774518598', '已交房', '线下看房支付', '2019-08-01 13:39:15');
INSERT INTO `tb_sell` VALUES (189, 1, 1, '碧桂园', '广州', 4000000, '曾伊丽', '18774518598', '已交房', '线下看房支付', '2019-10-01 14:49:50');
INSERT INTO `tb_sell` VALUES (190, 1, 1, '碧桂园', '广州', 4000000, '曾伊丽', '18774518598', '已交房', '线下看房支付', '2019-09-01 10:10:58');
INSERT INTO `tb_sell` VALUES (191, 1, 1, '碧桂园', '广州', 4000000, '曾伊丽', '18774518598', '已交房', '线下看房支付', '2019-11-01 15:20:26');
INSERT INTO `tb_sell` VALUES (192, 1, 1, '碧桂园', '广州', 4000000, '曾伊丽', '18774518598', '已交房', '线下看房支付', '2019-01-01 12:53:48');
INSERT INTO `tb_sell` VALUES (193, 1, 1, '碧桂园', '广州', 4000000, '曾伊丽', '18774518598', '已交房', '线下看房支付', '2019-04-01 12:24:43');
INSERT INTO `tb_sell` VALUES (194, 1, 1, '碧桂园', '广州', 4000000, '曾伊丽', '18774518598', '已交房', '线下看房支付', '2019-07-01 15:25:51');
INSERT INTO `tb_sell` VALUES (195, 1, 1, '碧桂园', '广州', 4000000, '曾伊丽', '18774518598', '已交房', '线下看房支付', '2019-04-01 19:55:48');
INSERT INTO `tb_sell` VALUES (196, 1, 1, '碧桂园', '广州', 4000000, '曾伊丽', '18774518598', '已交房', '线下看房支付', '2019-02-01 11:21:54');
INSERT INTO `tb_sell` VALUES (197, 1, 1, '碧桂园', '广州', 4000000, '曾伊丽', '18774518598', '已交房', '线下看房支付', '2019-10-01 12:52:36');
INSERT INTO `tb_sell` VALUES (198, 1, 1, '碧桂园', '广州', 4000000, '曾伊丽', '18774518598', '已交房', '线下看房支付', '2019-03-01 12:34:55');
INSERT INTO `tb_sell` VALUES (199, 1, 1, '碧桂园', '广州', 4000000, '曾伊丽', '18774518598', '已交房', '线下看房支付', '2019-01-01 16:58:57');
INSERT INTO `tb_sell` VALUES (200, 1, 1, '碧桂园', '广州', 4000000, '曾伊丽', '18774518598', '已交房', '线下看房支付', '2019-12-01 17:13:57');
INSERT INTO `tb_sell` VALUES (201, 1, 1, '碧桂园', '广州', 4000000, '曾伊丽', '18774518598', '已交房', '线下看房支付', '2019-09-01 16:54:44');
INSERT INTO `tb_sell` VALUES (202, 1, 1, '碧桂园', '广州', 4000000, '曾伊丽', '18774518598', '已交房', '线下看房支付', '2019-10-01 19:28:57');
INSERT INTO `tb_sell` VALUES (203, 1, 1, '碧桂园', '广州', 4000000, '曾伊丽', '18774518598', '已交房', '线下看房支付', '2019-09-01 18:52:53');
INSERT INTO `tb_sell` VALUES (204, 1, 1, '碧桂园', '广州', 4000000, '曾伊丽', '18774518598', '已交房', '线下看房支付', '2019-10-01 13:20:14');
INSERT INTO `tb_sell` VALUES (205, 1, 1, '碧桂园', '广州', 4000000, '曾伊丽', '18774518598', '已交房', '线下看房支付', '2019-11-01 19:13:40');
INSERT INTO `tb_sell` VALUES (206, 1, 1, '碧桂园', '广州', 4000000, '曾伊丽', '18774518598', '已交房', '线下看房支付', '2019-11-01 16:27:55');
INSERT INTO `tb_sell` VALUES (207, 1, 1, '碧桂园', '广州', 4000000, '曾伊丽', '18774518598', '已交房', '线下看房支付', '2019-07-01 10:43:20');
INSERT INTO `tb_sell` VALUES (208, 1, 1, '碧桂园', '广州', 4000000, '曾伊丽', '18774518598', '已交房', '线下看房支付', '2019-12-01 12:29:17');
INSERT INTO `tb_sell` VALUES (209, 1, 1, '碧桂园', '广州', 4000000, '曾伊丽', '18774518598', '已交房', '线下看房支付', '2019-08-01 15:49:34');
INSERT INTO `tb_sell` VALUES (210, 1, 1, '碧桂园', '广州', 4000000, '曾伊丽', '18774518598', '已交房', '线下看房支付', '2019-01-01 16:28:49');
INSERT INTO `tb_sell` VALUES (211, 1, 1, '碧桂园', '广州', 4000000, '曾伊丽', '18774518598', '已交房', '线下看房支付', '2019-12-01 11:17:21');
INSERT INTO `tb_sell` VALUES (212, 1, 1, '碧桂园', '广州', 4000000, '曾伊丽', '18774518598', '已交房', '线下看房支付', '2019-09-01 19:35:49');
INSERT INTO `tb_sell` VALUES (213, 1, 1, '碧桂园', '广州', 4000000, '曾伊丽', '18774518598', '已交房', '线下看房支付', '2019-06-01 17:38:39');
INSERT INTO `tb_sell` VALUES (214, 1, 1, '碧桂园', '广州', 4000000, '曾伊丽', '18774518598', '已交房', '线下看房支付', '2019-04-01 14:43:55');
INSERT INTO `tb_sell` VALUES (215, 1, 1, '碧桂园', '广州', 4000000, '曾伊丽', '18774518598', '已交房', '线下看房支付', '2019-08-01 11:10:37');
INSERT INTO `tb_sell` VALUES (216, 1, 1, '碧桂园', '广州', 4000000, '曾伊丽', '18774518598', '已交房', '线下看房支付', '2019-10-01 12:43:50');
INSERT INTO `tb_sell` VALUES (217, 2, 1, '天鹅丽都', '西渡', 800000, '曾伊丽', '15274435963', '已交房', '线下看房支付', '2019-11-01 14:45:21');
INSERT INTO `tb_sell` VALUES (218, 2, 1, '天鹅丽都', '西渡', 800000, '曾伊丽', '15274435963', '已交房', '线下看房支付', '2019-01-01 13:40:13');
INSERT INTO `tb_sell` VALUES (219, 2, 1, '天鹅丽都', '西渡', 800000, '曾伊丽', '15274435963', '已交房', '线下看房支付', '2019-07-01 15:58:26');
INSERT INTO `tb_sell` VALUES (220, 2, 1, '天鹅丽都', '西渡', 800000, '曾伊丽', '15274435963', '已交房', '线下看房支付', '2019-09-01 15:35:12');
INSERT INTO `tb_sell` VALUES (221, 2, 1, '天鹅丽都', '西渡', 800000, '曾伊丽', '15274435963', '已交房', '线下看房支付', '2019-09-01 11:56:19');
INSERT INTO `tb_sell` VALUES (222, 2, 1, '天鹅丽都', '西渡', 800000, '曾伊丽', '15274435963', '已交房', '线下看房支付', '2019-02-01 10:53:23');
INSERT INTO `tb_sell` VALUES (223, 2, 1, '天鹅丽都', '西渡', 800000, '曾伊丽', '15274435963', '已交房', '线下看房支付', '2019-09-01 16:26:39');
INSERT INTO `tb_sell` VALUES (224, 2, 1, '天鹅丽都', '西渡', 800000, '曾伊丽', '15274435963', '已交房', '线下看房支付', '2019-01-01 13:47:42');
INSERT INTO `tb_sell` VALUES (225, 2, 1, '天鹅丽都', '西渡', 800000, '曾伊丽', '15274435963', '已交房', '线下看房支付', '2019-01-01 11:39:38');
INSERT INTO `tb_sell` VALUES (226, 2, 1, '天鹅丽都', '西渡', 800000, '曾伊丽', '15274435963', '已交房', '线下看房支付', '2019-02-01 18:49:34');
INSERT INTO `tb_sell` VALUES (227, 2, 1, '天鹅丽都', '西渡', 800000, '曾伊丽', '15274435963', '已交房', '线下看房支付', '2019-02-01 11:26:20');
INSERT INTO `tb_sell` VALUES (228, 2, 1, '天鹅丽都', '西渡', 800000, '曾伊丽', '15274435963', '已交房', '线下看房支付', '2019-01-01 17:34:21');
INSERT INTO `tb_sell` VALUES (229, 2, 1, '天鹅丽都', '西渡', 800000, '曾伊丽', '15274435963', '已交房', '线下看房支付', '2019-09-01 18:17:21');
INSERT INTO `tb_sell` VALUES (230, 2, 1, '天鹅丽都', '西渡', 800000, '曾伊丽', '15274435963', '已交房', '线下看房支付', '2019-08-01 15:47:19');
INSERT INTO `tb_sell` VALUES (231, 2, 1, '天鹅丽都', '西渡', 800000, '曾伊丽', '15274435963', '已交房', '线下看房支付', '2019-09-01 19:35:49');
INSERT INTO `tb_sell` VALUES (232, 2, 1, '天鹅丽都', '西渡', 800000, '曾伊丽', '15274435963', '已交房', '线下看房支付', '2019-06-01 19:18:17');
INSERT INTO `tb_sell` VALUES (233, 2, 1, '天鹅丽都', '西渡', 800000, '曾伊丽', '15274435963', '已交房', '线下看房支付', '2019-03-01 14:55:15');
INSERT INTO `tb_sell` VALUES (234, 2, 1, '天鹅丽都', '西渡', 800000, '曾伊丽', '15274435963', '已交房', '线下看房支付', '2019-10-01 17:21:56');
INSERT INTO `tb_sell` VALUES (235, 2, 1, '天鹅丽都', '西渡', 800000, '曾伊丽', '15274435963', '已交房', '线下看房支付', '2019-02-01 15:34:52');
INSERT INTO `tb_sell` VALUES (236, 2, 1, '天鹅丽都', '西渡', 800000, '曾伊丽', '15274435963', '已交房', '线下看房支付', '2019-10-01 14:53:13');
INSERT INTO `tb_sell` VALUES (237, 2, 1, '天鹅丽都', '西渡', 800000, '曾伊丽', '15274435963', '已交房', '线下看房支付', '2019-09-01 11:52:47');
INSERT INTO `tb_sell` VALUES (238, 2, 1, '天鹅丽都', '西渡', 800000, '曾伊丽', '15274435963', '已交房', '线下看房支付', '2019-04-01 11:43:14');
INSERT INTO `tb_sell` VALUES (239, 2, 1, '天鹅丽都', '西渡', 800000, '曾伊丽', '15274435963', '已交房', '线下看房支付', '2019-06-01 18:10:33');
INSERT INTO `tb_sell` VALUES (240, 2, 1, '天鹅丽都', '西渡', 800000, '曾伊丽', '15274435963', '已交房', '线下看房支付', '2019-05-01 14:18:34');
INSERT INTO `tb_sell` VALUES (241, 2, 1, '天鹅丽都', '西渡', 800000, '曾伊丽', '15274435963', '已交房', '线下看房支付', '2019-12-01 13:43:31');
INSERT INTO `tb_sell` VALUES (242, 2, 1, '天鹅丽都', '西渡', 800000, '曾伊丽', '15274435963', '已交房', '线下看房支付', '2019-02-01 13:32:18');
INSERT INTO `tb_sell` VALUES (243, 2, 1, '天鹅丽都', '西渡', 800000, '曾伊丽', '15274435963', '已交房', '线下看房支付', '2019-06-01 17:39:41');
INSERT INTO `tb_sell` VALUES (244, 2, 1, '天鹅丽都', '西渡', 800000, '曾伊丽', '15274435963', '已交房', '线下看房支付', '2019-05-01 19:36:55');
INSERT INTO `tb_sell` VALUES (245, 2, 1, '天鹅丽都', '西渡', 800000, '曾伊丽', '15274435963', '已交房', '线下看房支付', '2019-01-01 13:46:39');
INSERT INTO `tb_sell` VALUES (246, 2, 1, '天鹅丽都', '西渡', 800000, '曾伊丽', '15274435963', '已交房', '线下看房支付', '2019-10-01 12:39:30');
INSERT INTO `tb_sell` VALUES (247, 2, 1, '天鹅丽都', '西渡', 800000, '曾伊丽', '15274435963', '已交房', '线下看房支付', '2019-04-01 10:32:18');
INSERT INTO `tb_sell` VALUES (248, 2, 1, '天鹅丽都', '西渡', 800000, '曾伊丽', '15274435963', '已交房', '线下看房支付', '2019-07-01 10:34:34');
INSERT INTO `tb_sell` VALUES (249, 2, 1, '天鹅丽都', '西渡', 800000, '曾伊丽', '15274435963', '已交房', '线下看房支付', '2019-12-01 13:54:31');
INSERT INTO `tb_sell` VALUES (250, 2, 1, '天鹅丽都', '西渡', 800000, '曾伊丽', '15274435963', '已交房', '线下看房支付', '2019-06-01 11:15:20');
INSERT INTO `tb_sell` VALUES (251, 2, 1, '天鹅丽都', '西渡', 800000, '曾伊丽', '15274435963', '已交房', '线下看房支付', '2019-09-01 10:20:48');
INSERT INTO `tb_sell` VALUES (252, 2, 1, '天鹅丽都', '西渡', 800000, '曾伊丽', '15274435963', '已交房', '线下看房支付', '2019-04-01 10:38:42');
INSERT INTO `tb_sell` VALUES (253, 2, 1, '天鹅丽都', '西渡', 800000, '曾伊丽', '15274435963', '已交房', '线下看房支付', '2019-07-01 18:40:33');
INSERT INTO `tb_sell` VALUES (254, 2, 1, '天鹅丽都', '西渡', 800000, '曾伊丽', '15274435963', '已交房', '线下看房支付', '2019-07-01 11:21:45');
INSERT INTO `tb_sell` VALUES (255, 2, 1, '天鹅丽都', '西渡', 800000, '曾伊丽', '15274435963', '已交房', '线下看房支付', '2019-11-01 12:43:41');
INSERT INTO `tb_sell` VALUES (256, 2, 1, '天鹅丽都', '西渡', 800000, '曾伊丽', '15274435963', '已交房', '线下看房支付', '2019-03-01 18:57:19');
INSERT INTO `tb_sell` VALUES (257, 2, 1, '天鹅丽都', '西渡', 800000, '曾伊丽', '15274435963', '已交房', '线下看房支付', '2019-01-01 17:34:22');
INSERT INTO `tb_sell` VALUES (258, 2, 1, '天鹅丽都', '西渡', 800000, '曾伊丽', '15274435963', '已交房', '线下看房支付', '2019-10-01 11:27:29');
INSERT INTO `tb_sell` VALUES (259, 2, 1, '天鹅丽都', '西渡', 800000, '曾伊丽', '15274435963', '已交房', '线下看房支付', '2019-12-01 13:17:39');
INSERT INTO `tb_sell` VALUES (260, 2, 1, '天鹅丽都', '西渡', 800000, '曾伊丽', '15274435963', '已交房', '线下看房支付', '2019-07-01 19:14:39');
INSERT INTO `tb_sell` VALUES (261, 2, 1, '天鹅丽都', '西渡', 800000, '曾伊丽', '15274435963', '已交房', '线下看房支付', '2019-10-01 19:39:13');
INSERT INTO `tb_sell` VALUES (262, 2, 1, '天鹅丽都', '西渡', 800000, '曾伊丽', '15274435963', '已交房', '线下看房支付', '2019-07-01 16:42:23');
INSERT INTO `tb_sell` VALUES (263, 2, 1, '天鹅丽都', '西渡', 800000, '曾伊丽', '15274435963', '已交房', '线下看房支付', '2019-05-01 10:25:25');
INSERT INTO `tb_sell` VALUES (264, 2, 1, '天鹅丽都', '西渡', 800000, '曾伊丽', '15274435963', '已交房', '线下看房支付', '2019-08-01 11:45:24');
INSERT INTO `tb_sell` VALUES (265, 2, 1, '天鹅丽都', '西渡', 800000, '曾伊丽', '15274435963', '已交房', '线下看房支付', '2019-04-01 16:18:11');
INSERT INTO `tb_sell` VALUES (266, 2, 1, '天鹅丽都', '西渡', 800000, '曾伊丽', '15274435963', '已交房', '线下看房支付', '2019-08-01 19:12:24');
INSERT INTO `tb_sell` VALUES (267, 2, 1, '天鹅丽都', '西渡', 800000, '曾伊丽', '15274435963', '已交房', '线下看房支付', '2019-04-01 17:43:19');
INSERT INTO `tb_sell` VALUES (268, 2, 1, '天鹅丽都', '西渡', 800000, '曾伊丽', '15274435963', '已交房', '线下看房支付', '2019-12-01 11:50:47');
INSERT INTO `tb_sell` VALUES (269, 2, 1, '天鹅丽都', '西渡', 800000, '曾伊丽', '15274435963', '已交房', '线下看房支付', '2019-05-01 14:12:12');
INSERT INTO `tb_sell` VALUES (270, 2, 1, '天鹅丽都', '西渡', 800000, '曾伊丽', '15274435963', '已交房', '线下看房支付', '2019-01-01 10:26:30');
INSERT INTO `tb_sell` VALUES (271, 2, 1, '天鹅丽都', '西渡', 800000, '曾伊丽', '15274435963', '已交房', '线下看房支付', '2019-01-01 19:41:27');
INSERT INTO `tb_sell` VALUES (272, 2, 1, '天鹅丽都', '西渡', 800000, '曾伊丽', '15274435963', '已交房', '线下看房支付', '2019-11-01 13:17:40');
INSERT INTO `tb_sell` VALUES (273, 2, 1, '天鹅丽都', '西渡', 800000, '曾伊丽', '15274435963', '已交房', '线下看房支付', '2019-09-01 16:18:55');
INSERT INTO `tb_sell` VALUES (274, 2, 1, '天鹅丽都', '西渡', 800000, '曾伊丽', '15274435963', '已交房', '线下看房支付', '2019-02-01 17:22:18');
INSERT INTO `tb_sell` VALUES (275, 2, 1, '天鹅丽都', '西渡', 800000, '曾伊丽', '15274435963', '已交房', '线下看房支付', '2019-02-01 19:34:40');
INSERT INTO `tb_sell` VALUES (276, 2, 1, '天鹅丽都', '西渡', 800000, '曾伊丽', '15274435963', '已交房', '线下看房支付', '2019-08-01 11:47:34');
INSERT INTO `tb_sell` VALUES (277, 2, 1, '天鹅丽都', '西渡', 800000, '曾伊丽', '15274435963', '已交房', '线下看房支付', '2019-03-01 15:56:19');
INSERT INTO `tb_sell` VALUES (278, 2, 1, '天鹅丽都', '西渡', 800000, '曾伊丽', '15274435963', '已交房', '线下看房支付', '2019-02-01 11:25:15');
INSERT INTO `tb_sell` VALUES (279, 2, 1, '天鹅丽都', '西渡', 800000, '曾伊丽', '15274435963', '已交房', '线下看房支付', '2019-08-01 16:26:49');
INSERT INTO `tb_sell` VALUES (280, 2, 1, '天鹅丽都', '西渡', 800000, '曾伊丽', '15274435963', '已交房', '线下看房支付', '2019-01-01 16:21:21');
INSERT INTO `tb_sell` VALUES (281, 2, 1, '天鹅丽都', '西渡', 800000, '曾伊丽', '15274435963', '已交房', '线下看房支付', '2019-06-01 15:35:51');
INSERT INTO `tb_sell` VALUES (282, 2, 1, '天鹅丽都', '西渡', 800000, '曾伊丽', '15274435963', '已交房', '线下看房支付', '2019-08-01 17:10:40');
INSERT INTO `tb_sell` VALUES (283, 2, 1, '天鹅丽都', '西渡', 800000, '曾伊丽', '15274435963', '已交房', '线下看房支付', '2019-02-01 15:37:13');
INSERT INTO `tb_sell` VALUES (284, 2, 1, '天鹅丽都', '西渡', 800000, '曾伊丽', '15274435963', '已交房', '线下看房支付', '2019-09-01 14:14:13');
INSERT INTO `tb_sell` VALUES (285, 2, 1, '天鹅丽都', '西渡', 800000, '曾伊丽', '15274435963', '已交房', '线下看房支付', '2019-01-01 11:28:38');
INSERT INTO `tb_sell` VALUES (286, 2, 1, '天鹅丽都', '西渡', 800000, '曾伊丽', '15274435963', '已交房', '线下看房支付', '2019-09-01 19:39:15');
INSERT INTO `tb_sell` VALUES (287, 2, 1, '天鹅丽都', '西渡', 800000, '曾伊丽', '15274435963', '已交房', '线下看房支付', '2019-10-01 16:44:42');
INSERT INTO `tb_sell` VALUES (288, 2, 1, '天鹅丽都', '西渡', 800000, '曾伊丽', '15274435963', '已交房', '线下看房支付', '2019-03-01 11:12:51');
INSERT INTO `tb_sell` VALUES (289, 2, 1, '天鹅丽都', '西渡', 800000, '曾伊丽', '15274435963', '已交房', '线下看房支付', '2019-01-01 15:46:13');
INSERT INTO `tb_sell` VALUES (290, 2, 1, '天鹅丽都', '西渡', 800000, '曾伊丽', '15274435963', '已交房', '线下看房支付', '2019-02-01 14:57:29');
INSERT INTO `tb_sell` VALUES (291, 2, 1, '天鹅丽都', '西渡', 800000, '曾伊丽', '15274435963', '已交房', '线下看房支付', '2019-01-01 10:18:44');
INSERT INTO `tb_sell` VALUES (292, 2, 1, '天鹅丽都', '西渡', 800000, '曾伊丽', '15274435963', '已交房', '线下看房支付', '2019-12-01 16:37:47');
INSERT INTO `tb_sell` VALUES (293, 2, 1, '天鹅丽都', '西渡', 800000, '曾伊丽', '15274435963', '已交房', '线下看房支付', '2019-02-01 13:37:41');
INSERT INTO `tb_sell` VALUES (294, 2, 1, '天鹅丽都', '西渡', 800000, '曾伊丽', '15274435963', '已交房', '线下看房支付', '2019-07-01 18:32:50');
INSERT INTO `tb_sell` VALUES (295, 2, 1, '天鹅丽都', '西渡', 800000, '曾伊丽', '15274435963', '已交房', '线下看房支付', '2019-09-01 10:24:21');
INSERT INTO `tb_sell` VALUES (296, 2, 1, '天鹅丽都', '西渡', 800000, '曾伊丽', '15274435963', '已交房', '线下看房支付', '2019-04-01 18:33:45');
INSERT INTO `tb_sell` VALUES (297, 2, 1, '天鹅丽都', '西渡', 800000, '曾伊丽', '15274435963', '已交房', '线下看房支付', '2019-03-01 18:32:51');
INSERT INTO `tb_sell` VALUES (298, 2, 1, '天鹅丽都', '西渡', 800000, '曾伊丽', '15274435963', '已交房', '线下看房支付', '2019-11-01 17:16:31');
INSERT INTO `tb_sell` VALUES (299, 2, 1, '天鹅丽都', '西渡', 800000, '曾伊丽', '15274435963', '已交房', '线下看房支付', '2019-11-01 18:47:24');
INSERT INTO `tb_sell` VALUES (300, 2, 1, '天鹅丽都', '西渡', 800000, '曾伊丽', '15274435963', '已交房', '线下看房支付', '2019-02-01 18:45:14');
INSERT INTO `tb_sell` VALUES (301, 2, 1, '天鹅丽都', '西渡', 800000, '曾伊丽', '15274435963', '已交房', '线下看房支付', '2019-04-01 13:38:58');
INSERT INTO `tb_sell` VALUES (302, 2, 1, '天鹅丽都', '西渡', 800000, '曾伊丽', '15274435963', '已交房', '线下看房支付', '2019-03-01 11:20:35');
INSERT INTO `tb_sell` VALUES (303, 2, 1, '天鹅丽都', '西渡', 800000, '曾伊丽', '15274435963', '已交房', '线下看房支付', '2019-12-01 10:37:40');
INSERT INTO `tb_sell` VALUES (304, 2, 1, '天鹅丽都', '西渡', 800000, '曾伊丽', '15274435963', '已交房', '线下看房支付', '2019-05-01 11:30:45');
INSERT INTO `tb_sell` VALUES (305, 2, 1, '天鹅丽都', '西渡', 800000, '曾伊丽', '15274435963', '已交房', '线下看房支付', '2019-05-01 17:43:12');
INSERT INTO `tb_sell` VALUES (306, 2, 1, '天鹅丽都', '西渡', 800000, '曾伊丽', '15274435963', '已交房', '线下看房支付', '2019-04-01 12:20:32');
INSERT INTO `tb_sell` VALUES (307, 2, 1, '天鹅丽都', '西渡', 800000, '曾伊丽', '15274435963', '已交房', '线下看房支付', '2019-09-01 19:45:47');
INSERT INTO `tb_sell` VALUES (308, 2, 1, '天鹅丽都', '西渡', 800000, '曾伊丽', '15274435963', '已交房', '线下看房支付', '2019-09-01 12:54:54');
INSERT INTO `tb_sell` VALUES (309, 2, 1, '天鹅丽都', '西渡', 800000, '曾伊丽', '15274435963', '已交房', '线下看房支付', '2019-10-01 13:29:54');
INSERT INTO `tb_sell` VALUES (310, 2, 1, '天鹅丽都', '西渡', 800000, '曾伊丽', '15274435963', '已交房', '线下看房支付', '2019-05-01 10:10:58');
INSERT INTO `tb_sell` VALUES (311, 2, 1, '天鹅丽都', '西渡', 800000, '曾伊丽', '15274435963', '已交房', '线下看房支付', '2019-12-01 18:30:31');
INSERT INTO `tb_sell` VALUES (312, 2, 1, '天鹅丽都', '西渡', 800000, '曾伊丽', '15274435963', '已交房', '线下看房支付', '2019-01-01 17:41:57');
INSERT INTO `tb_sell` VALUES (313, 2, 1, '天鹅丽都', '西渡', 800000, '曾伊丽', '15274435963', '已交房', '线下看房支付', '2019-11-01 16:29:15');
INSERT INTO `tb_sell` VALUES (314, 2, 1, '天鹅丽都', '西渡', 800000, '曾伊丽', '15274435963', '已交房', '线下看房支付', '2019-05-01 14:16:28');
INSERT INTO `tb_sell` VALUES (315, 2, 1, '天鹅丽都', '西渡', 800000, '曾伊丽', '15274435963', '已交房', '线下看房支付', '2019-06-01 13:12:25');
INSERT INTO `tb_sell` VALUES (316, 3, 1, '珠江新城', '广州', 5000000, '曾伊丽', '15274435963', '已交房', '线下看房支付', '2019-12-01 19:51:32');
INSERT INTO `tb_sell` VALUES (317, 3, 1, '珠江新城', '广州', 5000000, '曾伊丽', '15274435963', '已交房', '线下看房支付', '2019-09-01 12:21:25');
INSERT INTO `tb_sell` VALUES (318, 3, 1, '珠江新城', '广州', 5000000, '曾伊丽', '15274435963', '已交房', '线下看房支付', '2019-11-01 14:41:51');
INSERT INTO `tb_sell` VALUES (319, 3, 1, '珠江新城', '广州', 5000000, '曾伊丽', '15274435963', '已交房', '线下看房支付', '2019-04-01 19:41:37');
INSERT INTO `tb_sell` VALUES (320, 3, 1, '珠江新城', '广州', 5000000, '曾伊丽', '15274435963', '已交房', '线下看房支付', '2019-10-01 13:30:57');
INSERT INTO `tb_sell` VALUES (321, 3, 1, '珠江新城', '广州', 5000000, '曾伊丽', '15274435963', '已交房', '线下看房支付', '2019-07-01 10:24:32');
INSERT INTO `tb_sell` VALUES (322, 3, 1, '珠江新城', '广州', 5000000, '曾伊丽', '15274435963', '已交房', '线下看房支付', '2019-06-01 17:22:18');
INSERT INTO `tb_sell` VALUES (323, 3, 1, '珠江新城', '广州', 5000000, '曾伊丽', '15274435963', '已交房', '线下看房支付', '2019-02-01 11:28:28');
INSERT INTO `tb_sell` VALUES (324, 3, 1, '珠江新城', '广州', 5000000, '曾伊丽', '15274435963', '已交房', '线下看房支付', '2019-09-01 15:39:27');
INSERT INTO `tb_sell` VALUES (325, 3, 1, '珠江新城', '广州', 5000000, '曾伊丽', '15274435963', '已交房', '线下看房支付', '2019-12-01 15:20:21');
INSERT INTO `tb_sell` VALUES (326, 3, 1, '珠江新城', '广州', 5000000, '曾伊丽', '15274435963', '已交房', '线下看房支付', '2019-07-01 18:54:52');
INSERT INTO `tb_sell` VALUES (327, 3, 1, '珠江新城', '广州', 5000000, '曾伊丽', '15274435963', '已交房', '线下看房支付', '2019-08-01 15:55:54');
INSERT INTO `tb_sell` VALUES (328, 3, 1, '珠江新城', '广州', 5000000, '曾伊丽', '15274435963', '已交房', '线下看房支付', '2019-10-01 12:44:51');
INSERT INTO `tb_sell` VALUES (329, 3, 1, '珠江新城', '广州', 5000000, '曾伊丽', '15274435963', '已交房', '线下看房支付', '2019-02-01 11:37:17');
INSERT INTO `tb_sell` VALUES (330, 3, 1, '珠江新城', '广州', 5000000, '曾伊丽', '15274435963', '已交房', '线下看房支付', '2019-02-01 12:55:49');
INSERT INTO `tb_sell` VALUES (331, 3, 1, '珠江新城', '广州', 5000000, '曾伊丽', '15274435963', '已交房', '线下看房支付', '2019-04-01 19:50:25');
INSERT INTO `tb_sell` VALUES (332, 3, 1, '珠江新城', '广州', 5000000, '曾伊丽', '15274435963', '已交房', '线下看房支付', '2019-02-01 16:52:29');
INSERT INTO `tb_sell` VALUES (333, 3, 1, '珠江新城', '广州', 5000000, '曾伊丽', '15274435963', '已交房', '线下看房支付', '2019-06-01 19:30:20');
INSERT INTO `tb_sell` VALUES (334, 3, 1, '珠江新城', '广州', 5000000, '曾伊丽', '15274435963', '已交房', '线下看房支付', '2019-11-01 16:51:16');
INSERT INTO `tb_sell` VALUES (335, 3, 1, '珠江新城', '广州', 5000000, '曾伊丽', '15274435963', '已交房', '线下看房支付', '2019-02-01 11:37:22');
INSERT INTO `tb_sell` VALUES (336, 3, 1, '珠江新城', '广州', 5000000, '曾伊丽', '15274435963', '已交房', '线下看房支付', '2019-08-01 13:13:17');
INSERT INTO `tb_sell` VALUES (337, 3, 1, '珠江新城', '广州', 5000000, '曾伊丽', '15274435963', '已交房', '线下看房支付', '2019-07-01 14:31:53');
INSERT INTO `tb_sell` VALUES (338, 3, 1, '珠江新城', '广州', 5000000, '曾伊丽', '15274435963', '已交房', '线下看房支付', '2019-02-01 18:52:51');
INSERT INTO `tb_sell` VALUES (339, 3, 1, '珠江新城', '广州', 5000000, '曾伊丽', '15274435963', '已交房', '线下看房支付', '2019-08-01 15:56:12');
INSERT INTO `tb_sell` VALUES (340, 3, 1, '珠江新城', '广州', 5000000, '曾伊丽', '15274435963', '已交房', '线下看房支付', '2019-06-01 10:58:45');
INSERT INTO `tb_sell` VALUES (341, 3, 1, '珠江新城', '广州', 5000000, '曾伊丽', '15274435963', '已交房', '线下看房支付', '2019-08-01 19:12:25');
INSERT INTO `tb_sell` VALUES (342, 3, 1, '珠江新城', '广州', 5000000, '曾伊丽', '15274435963', '已交房', '线下看房支付', '2019-06-01 12:56:56');
INSERT INTO `tb_sell` VALUES (343, 3, 1, '珠江新城', '广州', 5000000, '曾伊丽', '15274435963', '已交房', '线下看房支付', '2019-12-01 18:39:25');
INSERT INTO `tb_sell` VALUES (344, 3, 1, '珠江新城', '广州', 5000000, '曾伊丽', '15274435963', '已交房', '线下看房支付', '2019-10-01 18:11:37');
INSERT INTO `tb_sell` VALUES (345, 3, 1, '珠江新城', '广州', 5000000, '曾伊丽', '15274435963', '已交房', '线下看房支付', '2019-09-01 18:57:30');
INSERT INTO `tb_sell` VALUES (346, 3, 1, '珠江新城', '广州', 5000000, '曾伊丽', '15274435963', '已交房', '线下看房支付', '2019-03-01 16:55:34');
INSERT INTO `tb_sell` VALUES (347, 3, 1, '珠江新城', '广州', 5000000, '曾伊丽', '15274435963', '已交房', '线下看房支付', '2019-09-01 12:50:32');
INSERT INTO `tb_sell` VALUES (348, 3, 1, '珠江新城', '广州', 5000000, '曾伊丽', '15274435963', '已交房', '线下看房支付', '2019-11-01 19:58:21');
INSERT INTO `tb_sell` VALUES (349, 3, 1, '珠江新城', '广州', 5000000, '曾伊丽', '15274435963', '已交房', '线下看房支付', '2019-03-01 13:24:24');
INSERT INTO `tb_sell` VALUES (350, 3, 1, '珠江新城', '广州', 5000000, '曾伊丽', '15274435963', '已交房', '线下看房支付', '2019-07-01 10:28:50');
INSERT INTO `tb_sell` VALUES (351, 3, 1, '珠江新城', '广州', 5000000, '曾伊丽', '15274435963', '已交房', '线下看房支付', '2019-01-01 15:44:55');
INSERT INTO `tb_sell` VALUES (352, 3, 1, '珠江新城', '广州', 5000000, '曾伊丽', '15274435963', '已交房', '线下看房支付', '2019-06-01 16:53:29');
INSERT INTO `tb_sell` VALUES (353, 3, 1, '珠江新城', '广州', 5000000, '曾伊丽', '15274435963', '已交房', '线下看房支付', '2019-05-01 14:32:48');
INSERT INTO `tb_sell` VALUES (354, 3, 1, '珠江新城', '广州', 5000000, '曾伊丽', '15274435963', '已交房', '线下看房支付', '2019-07-01 14:42:54');
INSERT INTO `tb_sell` VALUES (355, 3, 1, '珠江新城', '广州', 5000000, '曾伊丽', '15274435963', '已交房', '线下看房支付', '2019-07-01 19:58:20');
INSERT INTO `tb_sell` VALUES (356, 3, 1, '珠江新城', '广州', 5000000, '曾伊丽', '15274435963', '已交房', '线下看房支付', '2019-02-01 10:46:41');
INSERT INTO `tb_sell` VALUES (357, 3, 1, '珠江新城', '广州', 5000000, '曾伊丽', '15274435963', '已交房', '线下看房支付', '2019-12-01 17:18:31');
INSERT INTO `tb_sell` VALUES (358, 3, 1, '珠江新城', '广州', 5000000, '曾伊丽', '15274435963', '已交房', '线下看房支付', '2019-08-01 10:11:16');
INSERT INTO `tb_sell` VALUES (359, 3, 1, '珠江新城', '广州', 5000000, '曾伊丽', '15274435963', '已交房', '线下看房支付', '2019-08-01 16:25:43');
INSERT INTO `tb_sell` VALUES (360, 3, 1, '珠江新城', '广州', 5000000, '曾伊丽', '15274435963', '已交房', '线下看房支付', '2019-07-01 15:12:44');
INSERT INTO `tb_sell` VALUES (361, 3, 1, '珠江新城', '广州', 5000000, '曾伊丽', '15274435963', '已交房', '线下看房支付', '2019-04-01 15:39:34');
INSERT INTO `tb_sell` VALUES (362, 3, 1, '珠江新城', '广州', 5000000, '曾伊丽', '15274435963', '已交房', '线下看房支付', '2019-09-01 19:43:36');
INSERT INTO `tb_sell` VALUES (363, 3, 1, '珠江新城', '广州', 5000000, '曾伊丽', '15274435963', '已交房', '线下看房支付', '2019-08-01 15:51:40');
INSERT INTO `tb_sell` VALUES (364, 3, 1, '珠江新城', '广州', 5000000, '曾伊丽', '15274435963', '已交房', '线下看房支付', '2019-07-01 19:58:15');
INSERT INTO `tb_sell` VALUES (365, 4, 1, '万科云城', '广州天河区', 5000000, '曾伊丽', '15274435963', '已交房', '线下看房支付', '2019-11-01 13:27:41');
INSERT INTO `tb_sell` VALUES (366, 4, 1, '万科云城', '广州天河区', 5000000, '曾伊丽', '15274435963', '已交房', '线下看房支付', '2019-03-01 19:17:55');
INSERT INTO `tb_sell` VALUES (367, 4, 1, '万科云城', '广州天河区', 5000000, '曾伊丽', '15274435963', '已交房', '线下看房支付', '2019-02-01 10:50:54');
INSERT INTO `tb_sell` VALUES (368, 4, 1, '万科云城', '广州天河区', 5000000, '曾伊丽', '15274435963', '已交房', '线下看房支付', '2019-01-01 15:45:52');
INSERT INTO `tb_sell` VALUES (369, 4, 1, '万科云城', '广州天河区', 5000000, '曾伊丽', '15274435963', '已交房', '线下看房支付', '2019-03-01 12:56:52');
INSERT INTO `tb_sell` VALUES (370, 4, 1, '万科云城', '广州天河区', 5000000, '曾伊丽', '15274435963', '已交房', '线下看房支付', '2019-07-01 19:23:34');
INSERT INTO `tb_sell` VALUES (371, 4, 1, '万科云城', '广州天河区', 5000000, '曾伊丽', '15274435963', '已交房', '线下看房支付', '2019-08-01 17:42:16');
INSERT INTO `tb_sell` VALUES (372, 4, 1, '万科云城', '广州天河区', 5000000, '曾伊丽', '15274435963', '已交房', '线下看房支付', '2019-08-01 18:36:57');
INSERT INTO `tb_sell` VALUES (373, 4, 1, '万科云城', '广州天河区', 5000000, '曾伊丽', '15274435963', '已交房', '线下看房支付', '2019-03-01 11:26:14');
INSERT INTO `tb_sell` VALUES (374, 4, 1, '万科云城', '广州天河区', 5000000, '曾伊丽', '15274435963', '已交房', '线下看房支付', '2019-05-01 18:50:45');
INSERT INTO `tb_sell` VALUES (375, 4, 1, '万科云城', '广州天河区', 5000000, '曾伊丽', '15274435963', '已交房', '线下看房支付', '2019-02-01 13:33:27');
INSERT INTO `tb_sell` VALUES (376, 4, 1, '万科云城', '广州天河区', 5000000, '曾伊丽', '15274435963', '已交房', '线下看房支付', '2019-04-01 13:14:24');
INSERT INTO `tb_sell` VALUES (377, 4, 1, '万科云城', '广州天河区', 5000000, '曾伊丽', '15274435963', '已交房', '线下看房支付', '2019-03-01 10:44:27');
INSERT INTO `tb_sell` VALUES (378, 4, 1, '万科云城', '广州天河区', 5000000, '曾伊丽', '15274435963', '已交房', '线下看房支付', '2019-08-01 11:54:10');
INSERT INTO `tb_sell` VALUES (379, 4, 1, '万科云城', '广州天河区', 5000000, '曾伊丽', '15274435963', '已交房', '线下看房支付', '2019-05-01 17:33:25');
INSERT INTO `tb_sell` VALUES (380, 4, 1, '万科云城', '广州天河区', 5000000, '曾伊丽', '15274435963', '已交房', '线下看房支付', '2019-01-01 14:17:27');
INSERT INTO `tb_sell` VALUES (381, 4, 1, '万科云城', '广州天河区', 5000000, '曾伊丽', '15274435963', '已交房', '线下看房支付', '2019-04-01 15:52:38');
INSERT INTO `tb_sell` VALUES (382, 4, 1, '万科云城', '广州天河区', 5000000, '曾伊丽', '15274435963', '已交房', '线下看房支付', '2019-04-01 18:31:38');
INSERT INTO `tb_sell` VALUES (383, 4, 1, '万科云城', '广州天河区', 5000000, '曾伊丽', '15274435963', '已交房', '线下看房支付', '2019-07-01 11:12:46');
INSERT INTO `tb_sell` VALUES (384, 4, 1, '万科云城', '广州天河区', 5000000, '曾伊丽', '15274435963', '已交房', '线下看房支付', '2019-08-01 17:47:43');
INSERT INTO `tb_sell` VALUES (385, 4, 1, '万科云城', '广州天河区', 5000000, '曾伊丽', '15274435963', '已交房', '线下看房支付', '2019-03-01 17:32:55');
INSERT INTO `tb_sell` VALUES (386, 4, 1, '万科云城', '广州天河区', 5000000, '曾伊丽', '15274435963', '已交房', '线下看房支付', '2019-03-01 14:33:14');
INSERT INTO `tb_sell` VALUES (387, 4, 1, '万科云城', '广州天河区', 5000000, '曾伊丽', '15274435963', '已交房', '线下看房支付', '2019-12-01 16:17:54');
INSERT INTO `tb_sell` VALUES (388, 4, 1, '万科云城', '广州天河区', 5000000, '曾伊丽', '15274435963', '已交房', '线下看房支付', '2019-02-01 18:46:22');
INSERT INTO `tb_sell` VALUES (389, 4, 1, '万科云城', '广州天河区', 5000000, '曾伊丽', '15274435963', '已交房', '线下看房支付', '2019-01-01 13:49:53');
INSERT INTO `tb_sell` VALUES (390, 4, 1, '万科云城', '广州天河区', 5000000, '曾伊丽', '15274435963', '已交房', '线下看房支付', '2019-01-01 16:58:12');
INSERT INTO `tb_sell` VALUES (391, 4, 1, '万科云城', '广州天河区', 5000000, '曾伊丽', '15274435963', '已交房', '线下看房支付', '2019-04-01 12:21:35');
INSERT INTO `tb_sell` VALUES (392, 4, 1, '万科云城', '广州天河区', 5000000, '曾伊丽', '15274435963', '已交房', '线下看房支付', '2019-11-01 10:24:33');
INSERT INTO `tb_sell` VALUES (393, 4, 1, '万科云城', '广州天河区', 5000000, '曾伊丽', '15274435963', '已交房', '线下看房支付', '2019-06-01 19:17:10');
INSERT INTO `tb_sell` VALUES (394, 4, 1, '万科云城', '广州天河区', 5000000, '曾伊丽', '15274435963', '已交房', '线下看房支付', '2019-07-01 18:43:49');
INSERT INTO `tb_sell` VALUES (395, 4, 1, '万科云城', '广州天河区', 5000000, '曾伊丽', '15274435963', '已交房', '线下看房支付', '2019-12-01 13:44:38');
INSERT INTO `tb_sell` VALUES (396, 4, 1, '万科云城', '广州天河区', 5000000, '曾伊丽', '15274435963', '已交房', '线下看房支付', '2019-10-01 13:28:49');
INSERT INTO `tb_sell` VALUES (397, 4, 1, '万科云城', '广州天河区', 5000000, '曾伊丽', '15274435963', '已交房', '线下看房支付', '2019-11-01 10:43:20');
INSERT INTO `tb_sell` VALUES (398, 4, 1, '万科云城', '广州天河区', 5000000, '曾伊丽', '15274435963', '已交房', '线下看房支付', '2019-01-01 14:15:22');
INSERT INTO `tb_sell` VALUES (399, 4, 1, '万科云城', '广州天河区', 5000000, '曾伊丽', '15274435963', '已交房', '线下看房支付', '2019-11-01 17:21:48');
INSERT INTO `tb_sell` VALUES (400, 4, 1, '万科云城', '广州天河区', 5000000, '曾伊丽', '15274435963', '已交房', '线下看房支付', '2019-03-01 17:19:40');
INSERT INTO `tb_sell` VALUES (401, 4, 1, '万科云城', '广州天河区', 5000000, '曾伊丽', '15274435963', '已交房', '线下看房支付', '2019-07-01 19:15:41');
INSERT INTO `tb_sell` VALUES (402, 4, 1, '万科云城', '广州天河区', 5000000, '曾伊丽', '15274435963', '已交房', '线下看房支付', '2019-12-01 16:41:18');
INSERT INTO `tb_sell` VALUES (403, 4, 1, '万科云城', '广州天河区', 5000000, '曾伊丽', '15274435963', '已交房', '线下看房支付', '2019-11-01 19:17:51');
INSERT INTO `tb_sell` VALUES (404, 4, 1, '万科云城', '广州天河区', 5000000, '曾伊丽', '15274435963', '已交房', '线下看房支付', '2019-10-01 13:35:33');
INSERT INTO `tb_sell` VALUES (405, 4, 1, '万科云城', '广州天河区', 5000000, '曾伊丽', '15274435963', '已交房', '线下看房支付', '2019-11-01 17:19:48');
INSERT INTO `tb_sell` VALUES (406, 4, 1, '万科云城', '广州天河区', 5000000, '曾伊丽', '15274435963', '已交房', '线下看房支付', '2019-04-01 12:16:12');
INSERT INTO `tb_sell` VALUES (407, 4, 1, '万科云城', '广州天河区', 5000000, '曾伊丽', '15274435963', '已交房', '线下看房支付', '2019-11-01 10:41:16');
INSERT INTO `tb_sell` VALUES (408, 4, 1, '万科云城', '广州天河区', 5000000, '曾伊丽', '15274435963', '已交房', '线下看房支付', '2019-09-01 11:38:34');
INSERT INTO `tb_sell` VALUES (409, 4, 1, '万科云城', '广州天河区', 5000000, '曾伊丽', '15274435963', '已交房', '线下看房支付', '2019-09-01 11:40:41');
INSERT INTO `tb_sell` VALUES (410, 4, 1, '万科云城', '广州天河区', 5000000, '曾伊丽', '15274435963', '已交房', '线下看房支付', '2019-04-01 15:56:13');
INSERT INTO `tb_sell` VALUES (411, 4, 1, '万科云城', '广州天河区', 5000000, '曾伊丽', '15274435963', '已交房', '线下看房支付', '2019-06-01 11:19:41');
INSERT INTO `tb_sell` VALUES (412, 4, 1, '万科云城', '广州天河区', 5000000, '曾伊丽', '15274435963', '已交房', '线下看房支付', '2019-08-01 12:24:45');
INSERT INTO `tb_sell` VALUES (413, 4, 1, '万科云城', '广州天河区', 5000000, '曾伊丽', '15274435963', '已交房', '线下看房支付', '2019-10-01 17:32:57');
INSERT INTO `tb_sell` VALUES (414, 4, 1, '万科云城', '广州天河区', 5000000, '曾伊丽', '15274435963', '已交房', '线下看房支付', '2019-06-01 15:13:50');
INSERT INTO `tb_sell` VALUES (415, 4, 1, '万科云城', '广州天河区', 5000000, '曾伊丽', '15274435963', '已交房', '线下看房支付', '2019-12-01 12:40:19');
INSERT INTO `tb_sell` VALUES (416, 4, 1, '万科云城', '广州天河区', 5000000, '曾伊丽', '15274435963', '已交房', '线下看房支付', '2019-02-01 10:53:24');
INSERT INTO `tb_sell` VALUES (417, 4, 1, '万科云城', '广州天河区', 5000000, '曾伊丽', '15274435963', '已交房', '线下看房支付', '2019-10-01 10:55:32');
INSERT INTO `tb_sell` VALUES (418, 4, 1, '万科云城', '广州天河区', 5000000, '曾伊丽', '15274435963', '已交房', '线下看房支付', '2019-07-01 13:20:55');
INSERT INTO `tb_sell` VALUES (419, 4, 1, '万科云城', '广州天河区', 5000000, '曾伊丽', '15274435963', '已交房', '线下看房支付', '2019-12-01 10:36:29');
INSERT INTO `tb_sell` VALUES (420, 4, 1, '万科云城', '广州天河区', 5000000, '曾伊丽', '15274435963', '已交房', '线下看房支付', '2019-05-01 16:14:38');
INSERT INTO `tb_sell` VALUES (421, 4, 1, '万科云城', '广州天河区', 5000000, '曾伊丽', '15274435963', '已交房', '线下看房支付', '2019-08-01 14:15:26');
INSERT INTO `tb_sell` VALUES (422, 4, 1, '万科云城', '广州天河区', 5000000, '曾伊丽', '15274435963', '已交房', '线下看房支付', '2019-05-01 18:13:49');
INSERT INTO `tb_sell` VALUES (423, 4, 1, '万科云城', '广州天河区', 5000000, '曾伊丽', '15274435963', '已交房', '线下看房支付', '2019-11-01 19:15:45');
INSERT INTO `tb_sell` VALUES (424, 4, 1, '万科云城', '广州天河区', 5000000, '曾伊丽', '15274435963', '已交房', '线下看房支付', '2019-04-01 12:36:53');
INSERT INTO `tb_sell` VALUES (425, 4, 1, '万科云城', '广州天河区', 5000000, '曾伊丽', '15274435963', '已交房', '线下看房支付', '2019-10-01 12:45:11');
INSERT INTO `tb_sell` VALUES (426, 4, 1, '万科云城', '广州天河区', 5000000, '曾伊丽', '15274435963', '已交房', '线下看房支付', '2019-12-01 17:10:43');
INSERT INTO `tb_sell` VALUES (427, 4, 1, '万科云城', '广州天河区', 5000000, '曾伊丽', '15274435963', '已交房', '线下看房支付', '2019-06-01 10:51:20');
INSERT INTO `tb_sell` VALUES (428, 4, 1, '万科云城', '广州天河区', 5000000, '曾伊丽', '15274435963', '已交房', '线下看房支付', '2019-07-01 18:55:57');
INSERT INTO `tb_sell` VALUES (429, 4, 1, '万科云城', '广州天河区', 5000000, '曾伊丽', '15274435963', '已交房', '线下看房支付', '2019-01-01 14:19:34');
INSERT INTO `tb_sell` VALUES (430, 4, 1, '万科云城', '广州天河区', 5000000, '曾伊丽', '15274435963', '已交房', '线下看房支付', '2019-11-01 10:43:16');
INSERT INTO `tb_sell` VALUES (431, 4, 1, '万科云城', '广州天河区', 5000000, '曾伊丽', '15274435963', '已交房', '线下看房支付', '2019-08-01 18:30:30');
INSERT INTO `tb_sell` VALUES (432, 4, 1, '万科云城', '广州天河区', 5000000, '曾伊丽', '15274435963', '已交房', '线下看房支付', '2019-10-01 19:16:54');
INSERT INTO `tb_sell` VALUES (433, 4, 1, '万科云城', '广州天河区', 5000000, '曾伊丽', '15274435963', '已交房', '线下看房支付', '2019-02-01 18:54:56');
INSERT INTO `tb_sell` VALUES (434, 4, 1, '万科云城', '广州天河区', 5000000, '曾伊丽', '15274435963', '已交房', '线下看房支付', '2019-01-01 14:13:10');
INSERT INTO `tb_sell` VALUES (435, 4, 1, '万科云城', '广州天河区', 5000000, '曾伊丽', '15274435963', '已交房', '线下看房支付', '2019-11-01 12:51:28');
INSERT INTO `tb_sell` VALUES (436, 4, 1, '万科云城', '广州天河区', 5000000, '曾伊丽', '15274435963', '已交房', '线下看房支付', '2019-05-01 15:54:46');
INSERT INTO `tb_sell` VALUES (437, 4, 1, '万科云城', '广州天河区', 5000000, '曾伊丽', '15274435963', '已交房', '线下看房支付', '2019-01-01 19:36:53');
INSERT INTO `tb_sell` VALUES (438, 4, 1, '万科云城', '广州天河区', 5000000, '曾伊丽', '15274435963', '已交房', '线下看房支付', '2019-11-01 16:39:15');
INSERT INTO `tb_sell` VALUES (439, 4, 1, '万科云城', '广州天河区', 5000000, '曾伊丽', '15274435963', '已交房', '线下看房支付', '2019-09-01 11:52:46');
INSERT INTO `tb_sell` VALUES (440, 4, 1, '万科云城', '广州天河区', 5000000, '曾伊丽', '15274435963', '已交房', '线下看房支付', '2019-02-01 12:55:54');
INSERT INTO `tb_sell` VALUES (441, 4, 1, '万科云城', '广州天河区', 5000000, '曾伊丽', '15274435963', '已交房', '线下看房支付', '2019-10-01 12:53:40');
INSERT INTO `tb_sell` VALUES (442, 4, 1, '万科云城', '广州天河区', 5000000, '曾伊丽', '15274435963', '已交房', '线下看房支付', '2019-06-01 15:22:41');
INSERT INTO `tb_sell` VALUES (443, 4, 1, '万科云城', '广州天河区', 5000000, '曾伊丽', '15274435963', '已交房', '线下看房支付', '2019-06-01 12:10:21');
INSERT INTO `tb_sell` VALUES (444, 4, 1, '万科云城', '广州天河区', 5000000, '曾伊丽', '15274435963', '已交房', '线下看房支付', '2019-03-01 12:50:22');
INSERT INTO `tb_sell` VALUES (445, 4, 1, '万科云城', '广州天河区', 5000000, '曾伊丽', '15274435963', '已交房', '线下看房支付', '2019-10-01 13:25:36');
INSERT INTO `tb_sell` VALUES (446, 4, 1, '万科云城', '广州天河区', 5000000, '曾伊丽', '15274435963', '已交房', '线下看房支付', '2019-09-01 18:28:20');
INSERT INTO `tb_sell` VALUES (447, 4, 1, '万科云城', '广州天河区', 5000000, '曾伊丽', '15274435963', '已交房', '线下看房支付', '2019-11-01 19:52:38');
INSERT INTO `tb_sell` VALUES (448, 4, 1, '万科云城', '广州天河区', 5000000, '曾伊丽', '15274435963', '已交房', '线下看房支付', '2019-04-01 17:54:24');
INSERT INTO `tb_sell` VALUES (449, 4, 1, '万科云城', '广州天河区', 5000000, '曾伊丽', '15274435963', '已交房', '线下看房支付', '2019-09-01 16:17:50');
INSERT INTO `tb_sell` VALUES (450, 4, 1, '万科云城', '广州天河区', 5000000, '曾伊丽', '15274435963', '已交房', '线下看房支付', '2019-09-01 19:43:39');
INSERT INTO `tb_sell` VALUES (451, 4, 1, '万科云城', '广州天河区', 5000000, '曾伊丽', '15274435963', '已交房', '线下看房支付', '2019-12-01 17:19:40');
INSERT INTO `tb_sell` VALUES (452, 4, 1, '万科云城', '广州天河区', 5000000, '曾伊丽', '15274435963', '已交房', '线下看房支付', '2019-07-01 17:22:10');
INSERT INTO `tb_sell` VALUES (453, 4, 1, '万科云城', '广州天河区', 5000000, '曾伊丽', '15274435963', '已交房', '线下看房支付', '2019-04-01 13:46:48');
INSERT INTO `tb_sell` VALUES (454, 4, 1, '万科云城', '广州天河区', 5000000, '曾伊丽', '15274435963', '已交房', '线下看房支付', '2019-09-01 11:48:26');
INSERT INTO `tb_sell` VALUES (455, 4, 1, '万科云城', '广州天河区', 5000000, '曾伊丽', '15274435963', '已交房', '线下看房支付', '2019-05-01 18:25:55');
INSERT INTO `tb_sell` VALUES (456, 4, 1, '万科云城', '广州天河区', 5000000, '曾伊丽', '15274435963', '已交房', '线下看房支付', '2019-08-01 15:44:56');
INSERT INTO `tb_sell` VALUES (457, 4, 1, '万科云城', '广州天河区', 5000000, '曾伊丽', '15274435963', '已交房', '线下看房支付', '2019-08-01 11:51:51');
INSERT INTO `tb_sell` VALUES (458, 4, 1, '万科云城', '广州天河区', 5000000, '曾伊丽', '15274435963', '已交房', '线下看房支付', '2019-09-01 19:37:10');
INSERT INTO `tb_sell` VALUES (459, 4, 1, '万科云城', '广州天河区', 5000000, '曾伊丽', '15274435963', '已交房', '线下看房支付', '2019-05-01 10:49:10');
INSERT INTO `tb_sell` VALUES (460, 4, 1, '万科云城', '广州天河区', 5000000, '曾伊丽', '15274435963', '已交房', '线下看房支付', '2019-08-01 19:58:12');
INSERT INTO `tb_sell` VALUES (461, 4, 1, '万科云城', '广州天河区', 5000000, '曾伊丽', '15274435963', '已交房', '线下看房支付', '2019-04-01 13:11:56');
INSERT INTO `tb_sell` VALUES (462, 4, 1, '万科云城', '广州天河区', 5000000, '曾伊丽', '15274435963', '已交房', '线下看房支付', '2019-09-01 15:40:34');
INSERT INTO `tb_sell` VALUES (463, 4, 1, '万科云城', '广州天河区', 5000000, '曾伊丽', '15274435963', '已交房', '线下看房支付', '2019-08-01 15:11:30');
INSERT INTO `tb_sell` VALUES (464, 4, 1, '万科云城', '广州天河区', 5000000, '曾伊丽', '15274435963', '已交房', '线下看房支付', '2019-12-01 16:33:27');
INSERT INTO `tb_sell` VALUES (465, 4, 1, '万科云城', '广州天河区', 5000000, '曾伊丽', '15274435963', '已交房', '线下看房支付', '2019-04-01 15:57:14');
INSERT INTO `tb_sell` VALUES (466, 4, 1, '万科云城', '广州天河区', 5000000, '曾伊丽', '15274435963', '已交房', '线下看房支付', '2019-07-01 14:46:24');
INSERT INTO `tb_sell` VALUES (467, 4, 1, '万科云城', '广州天河区', 5000000, '曾伊丽', '15274435963', '已交房', '线下看房支付', '2019-03-01 12:44:41');
INSERT INTO `tb_sell` VALUES (468, 4, 1, '万科云城', '广州天河区', 5000000, '曾伊丽', '15274435963', '已交房', '线下看房支付', '2019-02-01 17:23:19');
INSERT INTO `tb_sell` VALUES (469, 4, 1, '万科云城', '广州天河区', 5000000, '曾伊丽', '15274435963', '已交房', '线下看房支付', '2019-02-01 11:17:31');
INSERT INTO `tb_sell` VALUES (470, 4, 1, '万科云城', '广州天河区', 5000000, '曾伊丽', '15274435963', '已交房', '线下看房支付', '2019-09-01 11:48:30');
INSERT INTO `tb_sell` VALUES (471, 4, 1, '万科云城', '广州天河区', 5000000, '曾伊丽', '15274435963', '已交房', '线下看房支付', '2019-09-01 13:36:42');
INSERT INTO `tb_sell` VALUES (472, 4, 1, '万科云城', '广州天河区', 5000000, '曾伊丽', '15274435963', '已交房', '线下看房支付', '2019-10-01 17:32:12');
INSERT INTO `tb_sell` VALUES (473, 4, 1, '万科云城', '广州天河区', 5000000, '曾伊丽', '15274435963', '已交房', '线下看房支付', '2019-12-01 14:36:23');
INSERT INTO `tb_sell` VALUES (474, 4, 1, '万科云城', '广州天河区', 5000000, '曾伊丽', '15274435963', '已交房', '线下看房支付', '2019-10-01 12:44:48');
INSERT INTO `tb_sell` VALUES (475, 4, 1, '万科云城', '广州天河区', 5000000, '曾伊丽', '15274435963', '已交房', '线下看房支付', '2019-11-01 19:16:52');
INSERT INTO `tb_sell` VALUES (476, 4, 1, '万科云城', '广州天河区', 5000000, '曾伊丽', '15274435963', '已交房', '线下看房支付', '2019-12-01 10:27:45');
INSERT INTO `tb_sell` VALUES (477, 4, 1, '万科云城', '广州天河区', 5000000, '曾伊丽', '15274435963', '已交房', '线下看房支付', '2019-07-01 16:43:28');
INSERT INTO `tb_sell` VALUES (478, 4, 1, '万科云城', '广州天河区', 5000000, '曾伊丽', '15274435963', '已交房', '线下看房支付', '2019-11-01 10:43:24');
INSERT INTO `tb_sell` VALUES (479, 4, 1, '万科云城', '广州天河区', 5000000, '曾伊丽', '15274435963', '已交房', '线下看房支付', '2019-05-01 11:28:38');
INSERT INTO `tb_sell` VALUES (480, 4, 1, '万科云城', '广州天河区', 5000000, '曾伊丽', '15274435963', '已交房', '线下看房支付', '2019-09-01 19:35:46');
INSERT INTO `tb_sell` VALUES (481, 4, 1, '万科云城', '广州天河区', 5000000, '曾伊丽', '15274435963', '已交房', '线下看房支付', '2019-02-01 15:14:58');
INSERT INTO `tb_sell` VALUES (482, 4, 1, '万科云城', '广州天河区', 5000000, '曾伊丽', '15274435963', '已交房', '线下看房支付', '2019-08-01 10:38:41');
INSERT INTO `tb_sell` VALUES (483, 4, 1, '万科云城', '广州天河区', 5000000, '曾伊丽', '15274435963', '已交房', '线下看房支付', '2019-06-01 13:27:47');
INSERT INTO `tb_sell` VALUES (484, 4, 1, '万科云城', '广州天河区', 5000000, '曾伊丽', '15274435963', '已交房', '线下看房支付', '2019-09-01 13:36:45');
INSERT INTO `tb_sell` VALUES (485, 4, 1, '万科云城', '广州天河区', 5000000, '曾伊丽', '15274435963', '已交房', '线下看房支付', '2019-12-01 14:42:51');
INSERT INTO `tb_sell` VALUES (486, 4, 1, '万科云城', '广州天河区', 5000000, '曾伊丽', '15274435963', '已交房', '线下看房支付', '2019-04-01 18:29:31');
INSERT INTO `tb_sell` VALUES (487, 4, 1, '万科云城', '广州天河区', 5000000, '曾伊丽', '15274435963', '已交房', '线下看房支付', '2019-12-01 16:27:47');
INSERT INTO `tb_sell` VALUES (488, 4, 1, '万科云城', '广州天河区', 5000000, '曾伊丽', '15274435963', '已交房', '线下看房支付', '2019-09-01 14:56:30');
INSERT INTO `tb_sell` VALUES (489, 4, 1, '万科云城', '广州天河区', 5000000, '曾伊丽', '15274435963', '已交房', '线下看房支付', '2019-04-01 10:28:48');
INSERT INTO `tb_sell` VALUES (490, 4, 1, '万科云城', '广州天河区', 5000000, '曾伊丽', '15274435963', '已交房', '线下看房支付', '2019-10-01 16:41:30');
INSERT INTO `tb_sell` VALUES (491, 4, 1, '万科云城', '广州天河区', 5000000, '曾伊丽', '15274435963', '已交房', '线下看房支付', '2019-02-01 14:46:30');
INSERT INTO `tb_sell` VALUES (492, 4, 1, '万科云城', '广州天河区', 5000000, '曾伊丽', '15274435963', '已交房', '线下看房支付', '2019-11-01 10:46:33');
INSERT INTO `tb_sell` VALUES (493, 4, 1, '万科云城', '广州天河区', 5000000, '曾伊丽', '15274435963', '已交房', '线下看房支付', '2019-03-01 16:45:39');
INSERT INTO `tb_sell` VALUES (494, 4, 1, '万科云城', '广州天河区', 5000000, '曾伊丽', '15274435963', '已交房', '线下看房支付', '2019-10-01 12:11:23');
INSERT INTO `tb_sell` VALUES (495, 4, 1, '万科云城', '广州天河区', 5000000, '曾伊丽', '15274435963', '已交房', '线下看房支付', '2019-03-01 14:27:36');
INSERT INTO `tb_sell` VALUES (496, 4, 1, '万科云城', '广州天河区', 5000000, '曾伊丽', '15274435963', '已交房', '线下看房支付', '2019-08-01 16:24:35');
INSERT INTO `tb_sell` VALUES (497, 4, 1, '万科云城', '广州天河区', 5000000, '曾伊丽', '15274435963', '已交房', '线下看房支付', '2019-09-01 10:52:28');
INSERT INTO `tb_sell` VALUES (498, 4, 1, '万科云城', '广州天河区', 5000000, '曾伊丽', '15274435963', '已交房', '线下看房支付', '2019-03-01 10:34:30');
INSERT INTO `tb_sell` VALUES (499, 4, 1, '万科云城', '广州天河区', 5000000, '曾伊丽', '15274435963', '已交房', '线下看房支付', '2019-07-01 16:34:35');
INSERT INTO `tb_sell` VALUES (500, 4, 1, '万科云城', '广州天河区', 5000000, '曾伊丽', '15274435963', '已交房', '线下看房支付', '2019-02-01 10:58:45');
INSERT INTO `tb_sell` VALUES (501, 4, 1, '万科云城', '广州天河区', 5000000, '曾伊丽', '15274435963', '已交房', '线下看房支付', '2019-08-01 10:35:25');
INSERT INTO `tb_sell` VALUES (502, 4, 1, '万科云城', '广州天河区', 5000000, '曾伊丽', '15274435963', '已交房', '线下看房支付', '2019-12-01 10:13:27');
INSERT INTO `tb_sell` VALUES (503, 4, 1, '万科云城', '广州天河区', 5000000, '曾伊丽', '15274435963', '已交房', '线下看房支付', '2019-07-01 16:47:46');
INSERT INTO `tb_sell` VALUES (504, 4, 1, '万科云城', '广州天河区', 5000000, '曾伊丽', '15274435963', '已交房', '线下看房支付', '2019-06-01 11:31:41');
INSERT INTO `tb_sell` VALUES (505, 4, 1, '万科云城', '广州天河区', 5000000, '曾伊丽', '15274435963', '已交房', '线下看房支付', '2019-12-01 17:10:46');
INSERT INTO `tb_sell` VALUES (506, 4, 1, '万科云城', '广州天河区', 5000000, '曾伊丽', '15274435963', '已交房', '线下看房支付', '2019-09-01 13:32:26');
INSERT INTO `tb_sell` VALUES (507, 4, 1, '万科云城', '广州天河区', 5000000, '曾伊丽', '15274435963', '已交房', '线下看房支付', '2019-04-01 14:23:15');
INSERT INTO `tb_sell` VALUES (508, 4, 1, '万科云城', '广州天河区', 5000000, '曾伊丽', '15274435963', '已交房', '线下看房支付', '2019-09-01 12:10:29');
INSERT INTO `tb_sell` VALUES (509, 4, 1, '万科云城', '广州天河区', 5000000, '曾伊丽', '15274435963', '已交房', '线下看房支付', '2019-12-01 15:46:16');
INSERT INTO `tb_sell` VALUES (510, 4, 1, '万科云城', '广州天河区', 5000000, '曾伊丽', '15274435963', '已交房', '线下看房支付', '2019-06-01 19:36:46');
INSERT INTO `tb_sell` VALUES (511, 4, 1, '万科云城', '广州天河区', 5000000, '曾伊丽', '15274435963', '已交房', '线下看房支付', '2019-02-01 12:53:47');
INSERT INTO `tb_sell` VALUES (512, 4, 1, '万科云城', '广州天河区', 5000000, '曾伊丽', '15274435963', '已交房', '线下看房支付', '2019-02-01 14:56:24');
INSERT INTO `tb_sell` VALUES (513, 4, 1, '万科云城', '广州天河区', 5000000, '曾伊丽', '15274435963', '已交房', '线下看房支付', '2019-08-01 13:58:45');
INSERT INTO `tb_sell` VALUES (514, 4, 1, '万科云城', '广州天河区', 5000000, '曾伊丽', '15274435963', '已交房', '线下看房支付', '2019-09-01 12:27:54');
INSERT INTO `tb_sell` VALUES (515, 4, 1, '万科云城', '广州天河区', 5000000, '曾伊丽', '15274435963', '已交房', '线下看房支付', '2019-06-01 17:22:58');
INSERT INTO `tb_sell` VALUES (516, 4, 1, '万科云城', '广州天河区', 5000000, '曾伊丽', '15274435963', '已交房', '线下看房支付', '2019-03-01 11:13:55');
INSERT INTO `tb_sell` VALUES (517, 4, 1, '万科云城', '广州天河区', 5000000, '曾伊丽', '15274435963', '已交房', '线下看房支付', '2019-05-01 12:54:54');
INSERT INTO `tb_sell` VALUES (518, 4, 1, '万科云城', '广州天河区', 5000000, '曾伊丽', '15274435963', '已交房', '线下看房支付', '2019-10-01 11:38:28');
INSERT INTO `tb_sell` VALUES (519, 4, 1, '万科云城', '广州天河区', 5000000, '曾伊丽', '15274435963', '已交房', '线下看房支付', '2019-02-01 16:44:41');
INSERT INTO `tb_sell` VALUES (520, 4, 1, '万科云城', '广州天河区', 5000000, '曾伊丽', '15274435963', '已交房', '线下看房支付', '2019-01-01 13:39:57');
INSERT INTO `tb_sell` VALUES (521, 4, 1, '万科云城', '广州天河区', 5000000, '曾伊丽', '15274435963', '已交房', '线下看房支付', '2019-01-01 12:19:21');
INSERT INTO `tb_sell` VALUES (522, 4, 1, '万科云城', '广州天河区', 5000000, '曾伊丽', '15274435963', '已交房', '线下看房支付', '2019-07-01 19:21:22');
INSERT INTO `tb_sell` VALUES (523, 4, 1, '万科云城', '广州天河区', 5000000, '曾伊丽', '15274435963', '已交房', '线下看房支付', '2019-08-01 13:42:30');
INSERT INTO `tb_sell` VALUES (524, 4, 1, '万科云城', '广州天河区', 5000000, '曾伊丽', '15274435963', '已交房', '线下看房支付', '2019-01-01 11:28:37');
INSERT INTO `tb_sell` VALUES (525, 4, 1, '万科云城', '广州天河区', 5000000, '曾伊丽', '15274435963', '已交房', '线下看房支付', '2019-08-01 15:46:17');
INSERT INTO `tb_sell` VALUES (526, 4, 1, '万科云城', '广州天河区', 5000000, '曾伊丽', '15274435963', '已交房', '线下看房支付', '2019-07-01 10:56:33');
INSERT INTO `tb_sell` VALUES (527, 4, 1, '万科云城', '广州天河区', 5000000, '曾伊丽', '15274435963', '已交房', '线下看房支付', '2019-07-01 10:56:32');
INSERT INTO `tb_sell` VALUES (528, 4, 1, '万科云城', '广州天河区', 5000000, '曾伊丽', '15274435963', '已交房', '线下看房支付', '2019-06-01 10:41:18');
INSERT INTO `tb_sell` VALUES (529, 4, 1, '万科云城', '广州天河区', 5000000, '曾伊丽', '15274435963', '已交房', '线下看房支付', '2019-11-01 19:19:14');
INSERT INTO `tb_sell` VALUES (530, 4, 1, '万科云城', '广州天河区', 5000000, '曾伊丽', '15274435963', '已交房', '线下看房支付', '2019-10-01 17:37:29');
INSERT INTO `tb_sell` VALUES (531, 4, 1, '万科云城', '广州天河区', 5000000, '曾伊丽', '15274435963', '已交房', '线下看房支付', '2019-05-01 15:41:37');
INSERT INTO `tb_sell` VALUES (532, 4, 1, '万科云城', '广州天河区', 5000000, '曾伊丽', '15274435963', '已交房', '线下看房支付', '2019-11-01 17:23:12');
INSERT INTO `tb_sell` VALUES (533, 4, 1, '万科云城', '广州天河区', 5000000, '曾伊丽', '15274435963', '已交房', '线下看房支付', '2019-05-01 17:38:45');
INSERT INTO `tb_sell` VALUES (534, 4, 1, '万科云城', '广州天河区', 5000000, '曾伊丽', '15274435963', '已交房', '线下看房支付', '2019-11-01 10:36:43');
INSERT INTO `tb_sell` VALUES (535, 4, 1, '万科云城', '广州天河区', 5000000, '曾伊丽', '15274435963', '已交房', '线下看房支付', '2019-10-01 18:56:16');
INSERT INTO `tb_sell` VALUES (536, 4, 1, '万科云城', '广州天河区', 5000000, '曾伊丽', '15274435963', '已交房', '线下看房支付', '2019-10-01 17:18:43');
INSERT INTO `tb_sell` VALUES (537, 4, 1, '万科云城', '广州天河区', 5000000, '曾伊丽', '15274435963', '已交房', '线下看房支付', '2019-12-01 15:57:19');
INSERT INTO `tb_sell` VALUES (538, 4, 1, '万科云城', '广州天河区', 5000000, '曾伊丽', '15274435963', '已交房', '线下看房支付', '2019-02-01 19:26:52');
INSERT INTO `tb_sell` VALUES (539, 4, 1, '万科云城', '广州天河区', 5000000, '曾伊丽', '15274435963', '已交房', '线下看房支付', '2019-05-01 11:36:28');
INSERT INTO `tb_sell` VALUES (540, 4, 1, '万科云城', '广州天河区', 5000000, '曾伊丽', '15274435963', '已交房', '线下看房支付', '2019-04-01 11:12:46');
INSERT INTO `tb_sell` VALUES (541, 4, 1, '万科云城', '广州天河区', 5000000, '曾伊丽', '15274435963', '已交房', '线下看房支付', '2019-07-01 15:56:19');
INSERT INTO `tb_sell` VALUES (542, 4, 1, '万科云城', '广州天河区', 5000000, '曾伊丽', '15274435963', '已交房', '线下看房支付', '2019-02-01 10:45:38');
INSERT INTO `tb_sell` VALUES (543, 4, 1, '万科云城', '广州天河区', 5000000, '曾伊丽', '15274435963', '已交房', '线下看房支付', '2019-09-01 18:22:41');
INSERT INTO `tb_sell` VALUES (544, 4, 1, '万科云城', '广州天河区', 5000000, '曾伊丽', '15274435963', '已交房', '线下看房支付', '2019-05-01 11:29:39');
INSERT INTO `tb_sell` VALUES (545, 4, 1, '万科云城', '广州天河区', 5000000, '曾伊丽', '15274435963', '已交房', '线下看房支付', '2019-10-01 12:48:19');
INSERT INTO `tb_sell` VALUES (546, 4, 1, '万科云城', '广州天河区', 5000000, '曾伊丽', '15274435963', '已交房', '线下看房支付', '2019-08-01 15:58:20');
INSERT INTO `tb_sell` VALUES (547, 4, 1, '万科云城', '广州天河区', 5000000, '曾伊丽', '15274435963', '已交房', '线下看房支付', '2019-01-01 17:37:35');
INSERT INTO `tb_sell` VALUES (548, 4, 1, '万科云城', '广州天河区', 5000000, '曾伊丽', '15274435963', '已交房', '线下看房支付', '2019-12-01 12:23:41');
INSERT INTO `tb_sell` VALUES (549, 4, 1, '万科云城', '广州天河区', 5000000, '曾伊丽', '15274435963', '已交房', '线下看房支付', '2019-05-01 19:39:21');
INSERT INTO `tb_sell` VALUES (550, 4, 1, '万科云城', '广州天河区', 5000000, '曾伊丽', '15274435963', '已交房', '线下看房支付', '2019-04-01 18:30:31');
INSERT INTO `tb_sell` VALUES (551, 4, 1, '万科云城', '广州天河区', 5000000, '曾伊丽', '15274435963', '已交房', '线下看房支付', '2019-12-01 15:40:41');
INSERT INTO `tb_sell` VALUES (552, 4, 1, '万科云城', '广州天河区', 5000000, '曾伊丽', '15274435963', '已交房', '线下看房支付', '2019-05-01 17:46:34');
INSERT INTO `tb_sell` VALUES (553, 4, 1, '万科云城', '广州天河区', 5000000, '曾伊丽', '15274435963', '已交房', '线下看房支付', '2019-04-01 19:42:38');
INSERT INTO `tb_sell` VALUES (554, 4, 1, '万科云城', '广州天河区', 5000000, '曾伊丽', '15274435963', '已交房', '线下看房支付', '2019-11-01 17:12:12');
INSERT INTO `tb_sell` VALUES (555, 4, 1, '万科云城', '广州天河区', 5000000, '曾伊丽', '15274435963', '已交房', '线下看房支付', '2019-02-01 12:12:35');
INSERT INTO `tb_sell` VALUES (556, 4, 1, '万科云城', '广州天河区', 5000000, '曾伊丽', '15274435963', '已交房', '线下看房支付', '2019-05-01 13:42:21');
INSERT INTO `tb_sell` VALUES (557, 4, 1, '万科云城', '广州天河区', 5000000, '曾伊丽', '15274435963', '已交房', '线下看房支付', '2019-02-01 10:47:45');
INSERT INTO `tb_sell` VALUES (558, 4, 1, '万科云城', '广州天河区', 5000000, '曾伊丽', '15274435963', '已交房', '线下看房支付', '2019-05-01 14:33:53');
INSERT INTO `tb_sell` VALUES (559, 4, 1, '万科云城', '广州天河区', 5000000, '曾伊丽', '15274435963', '已交房', '线下看房支付', '2019-12-01 12:17:16');
INSERT INTO `tb_sell` VALUES (560, 4, 1, '万科云城', '广州天河区', 5000000, '曾伊丽', '15274435963', '已交房', '线下看房支付', '2019-03-01 17:17:32');
INSERT INTO `tb_sell` VALUES (561, 4, 1, '万科云城', '广州天河区', 5000000, '曾伊丽', '15274435963', '已交房', '线下看房支付', '2019-10-01 17:22:10');
INSERT INTO `tb_sell` VALUES (562, 4, 1, '万科云城', '广州天河区', 5000000, '曾伊丽', '15274435963', '已交房', '线下看房支付', '2019-05-01 16:17:52');
INSERT INTO `tb_sell` VALUES (563, 4, 1, '万科云城', '广州天河区', 5000000, '曾伊丽', '15274435963', '已交房', '线下看房支付', '2019-11-01 18:38:27');
INSERT INTO `tb_sell` VALUES (564, 4, 1, '万科云城', '广州天河区', 5000000, '曾伊丽', '15274435963', '已交房', '线下看房支付', '2019-01-01 10:26:29');
INSERT INTO `tb_sell` VALUES (565, 4, 1, '万科云城', '广州天河区', 5000000, '曾伊丽', '15274435963', '已交房', '线下看房支付', '2019-01-01 19:32:38');
INSERT INTO `tb_sell` VALUES (566, 4, 1, '万科云城', '广州天河区', 5000000, '曾伊丽', '15274435963', '已交房', '线下看房支付', '2019-07-01 18:40:39');
INSERT INTO `tb_sell` VALUES (567, 4, 1, '万科云城', '广州天河区', 5000000, '曾伊丽', '15274435963', '已交房', '线下看房支付', '2019-02-01 19:32:24');
INSERT INTO `tb_sell` VALUES (568, 4, 1, '万科云城', '广州天河区', 5000000, '曾伊丽', '15274435963', '已交房', '线下看房支付', '2019-02-01 19:11:32');
INSERT INTO `tb_sell` VALUES (569, 4, 1, '万科云城', '广州天河区', 5000000, '曾伊丽', '15274435963', '已交房', '线下看房支付', '2019-03-01 16:31:28');
INSERT INTO `tb_sell` VALUES (570, 4, 1, '万科云城', '广州天河区', 5000000, '曾伊丽', '15274435963', '已交房', '线下看房支付', '2019-08-01 18:25:15');
INSERT INTO `tb_sell` VALUES (571, 4, 1, '万科云城', '广州天河区', 5000000, '曾伊丽', '15274435963', '已交房', '线下看房支付', '2019-08-01 18:23:50');
INSERT INTO `tb_sell` VALUES (572, 4, 1, '万科云城', '广州天河区', 5000000, '曾伊丽', '15274435963', '已交房', '线下看房支付', '2019-05-01 12:20:24');
INSERT INTO `tb_sell` VALUES (573, 4, 1, '万科云城', '广州天河区', 5000000, '曾伊丽', '15274435963', '已交房', '线下看房支付', '2019-11-01 14:49:37');
INSERT INTO `tb_sell` VALUES (574, 4, 1, '万科云城', '广州天河区', 5000000, '曾伊丽', '15274435963', '已交房', '线下看房支付', '2019-05-01 11:43:56');
INSERT INTO `tb_sell` VALUES (575, 4, 1, '万科云城', '广州天河区', 5000000, '曾伊丽', '15274435963', '已交房', '线下看房支付', '2019-09-01 17:30:57');
INSERT INTO `tb_sell` VALUES (576, 4, 1, '万科云城', '广州天河区', 5000000, '曾伊丽', '15274435963', '已交房', '线下看房支付', '2019-08-01 11:10:34');
INSERT INTO `tb_sell` VALUES (577, 4, 1, '万科云城', '广州天河区', 5000000, '曾伊丽', '15274435963', '已交房', '线下看房支付', '2019-06-01 18:55:13');
INSERT INTO `tb_sell` VALUES (578, 4, 1, '万科云城', '广州天河区', 5000000, '曾伊丽', '15274435963', '已交房', '线下看房支付', '2019-07-01 16:27:55');
INSERT INTO `tb_sell` VALUES (579, 4, 1, '万科云城', '广州天河区', 5000000, '曾伊丽', '15274435963', '已交房', '线下看房支付', '2019-08-01 13:46:44');
INSERT INTO `tb_sell` VALUES (580, 4, 1, '万科云城', '广州天河区', 5000000, '曾伊丽', '15274435963', '已交房', '线下看房支付', '2019-04-01 15:40:36');
INSERT INTO `tb_sell` VALUES (581, 4, 1, '万科云城', '广州天河区', 5000000, '曾伊丽', '15274435963', '已交房', '线下看房支付', '2019-10-01 15:18:25');
INSERT INTO `tb_sell` VALUES (582, 4, 1, '万科云城', '广州天河区', 5000000, '曾伊丽', '15274435963', '已交房', '线下看房支付', '2019-12-01 10:23:22');
INSERT INTO `tb_sell` VALUES (583, 4, 1, '万科云城', '广州天河区', 5000000, '曾伊丽', '15274435963', '已交房', '线下看房支付', '2019-05-01 13:26:47');
INSERT INTO `tb_sell` VALUES (584, 4, 1, '万科云城', '广州天河区', 5000000, '曾伊丽', '15274435963', '已交房', '线下看房支付', '2019-10-01 17:28:41');
INSERT INTO `tb_sell` VALUES (585, 4, 1, '万科云城', '广州天河区', 5000000, '曾伊丽', '15274435963', '已交房', '线下看房支付', '2019-01-01 12:10:28');
INSERT INTO `tb_sell` VALUES (586, 4, 1, '万科云城', '广州天河区', 5000000, '曾伊丽', '15274435963', '已交房', '线下看房支付', '2019-11-01 13:19:52');
INSERT INTO `tb_sell` VALUES (587, 4, 1, '万科云城', '广州天河区', 5000000, '曾伊丽', '15274435963', '已交房', '线下看房支付', '2019-09-01 18:14:57');
INSERT INTO `tb_sell` VALUES (588, 4, 1, '万科云城', '广州天河区', 5000000, '曾伊丽', '15274435963', '已交房', '线下看房支付', '2019-08-01 10:42:10');
INSERT INTO `tb_sell` VALUES (589, 4, 1, '万科云城', '广州天河区', 5000000, '曾伊丽', '15274435963', '已交房', '线下看房支付', '2019-01-01 11:51:44');
INSERT INTO `tb_sell` VALUES (590, 4, 1, '万科云城', '广州天河区', 5000000, '曾伊丽', '15274435963', '已交房', '线下看房支付', '2019-11-01 14:42:53');
INSERT INTO `tb_sell` VALUES (591, 4, 1, '万科云城', '广州天河区', 5000000, '曾伊丽', '15274435963', '已交房', '线下看房支付', '2019-06-01 16:49:16');
INSERT INTO `tb_sell` VALUES (592, 4, 1, '万科云城', '广州天河区', 5000000, '曾伊丽', '15274435963', '已交房', '线下看房支付', '2019-04-01 18:40:34');
INSERT INTO `tb_sell` VALUES (593, 4, 1, '万科云城', '广州天河区', 5000000, '曾伊丽', '15274435963', '已交房', '线下看房支付', '2019-07-01 13:23:17');
INSERT INTO `tb_sell` VALUES (594, 4, 1, '万科云城', '广州天河区', 5000000, '曾伊丽', '15274435963', '已交房', '线下看房支付', '2019-11-01 11:58:33');
INSERT INTO `tb_sell` VALUES (595, 4, 1, '万科云城', '广州天河区', 5000000, '曾伊丽', '15274435963', '已交房', '线下看房支付', '2019-06-01 17:21:11');
INSERT INTO `tb_sell` VALUES (596, 4, 1, '万科云城', '广州天河区', 5000000, '曾伊丽', '15274435963', '已交房', '线下看房支付', '2019-07-01 13:32:16');
INSERT INTO `tb_sell` VALUES (597, 4, 1, '万科云城', '广州天河区', 5000000, '曾伊丽', '15274435963', '已交房', '线下看房支付', '2019-04-01 10:36:30');
INSERT INTO `tb_sell` VALUES (598, 4, 1, '万科云城', '广州天河区', 5000000, '曾伊丽', '15274435963', '已交房', '线下看房支付', '2019-06-01 19:40:18');
INSERT INTO `tb_sell` VALUES (599, 4, 1, '万科云城', '广州天河区', 5000000, '曾伊丽', '15274435963', '已交房', '线下看房支付', '2019-01-01 14:31:43');
INSERT INTO `tb_sell` VALUES (600, 4, 1, '万科云城', '广州天河区', 5000000, '曾伊丽', '15274435963', '已交房', '线下看房支付', '2019-02-01 15:37:12');
INSERT INTO `tb_sell` VALUES (601, 4, 1, '万科云城', '广州天河区', 5000000, '曾伊丽', '15274435963', '已交房', '线下看房支付', '2019-07-01 15:25:51');
INSERT INTO `tb_sell` VALUES (602, 4, 1, '万科云城', '广州天河区', 5000000, '曾伊丽', '15274435963', '已交房', '线下看房支付', '2019-03-01 15:19:22');
INSERT INTO `tb_sell` VALUES (603, 4, 1, '万科云城', '广州天河区', 5000000, '曾伊丽', '15274435963', '已交房', '线下看房支付', '2019-09-01 17:33:22');
INSERT INTO `tb_sell` VALUES (604, 4, 1, '万科云城', '广州天河区', 5000000, '曾伊丽', '15274435963', '已交房', '线下看房支付', '2019-10-01 13:30:56');
INSERT INTO `tb_sell` VALUES (605, 4, 1, '万科云城', '广州天河区', 5000000, '曾伊丽', '15274435963', '已交房', '线下看房支付', '2019-06-01 15:31:32');
INSERT INTO `tb_sell` VALUES (606, 4, 1, '万科云城', '广州天河区', 5000000, '曾伊丽', '15274435963', '已交房', '线下看房支付', '2019-12-01 13:14:25');
INSERT INTO `tb_sell` VALUES (607, 4, 1, '万科云城', '广州天河区', 5000000, '曾伊丽', '15274435963', '已交房', '线下看房支付', '2019-04-01 14:31:49');
INSERT INTO `tb_sell` VALUES (608, 4, 1, '万科云城', '广州天河区', 5000000, '曾伊丽', '15274435963', '已交房', '线下看房支付', '2019-09-01 11:41:48');
INSERT INTO `tb_sell` VALUES (609, 4, 1, '万科云城', '广州天河区', 5000000, '曾伊丽', '15274435963', '已交房', '线下看房支付', '2019-12-01 13:51:21');
INSERT INTO `tb_sell` VALUES (610, 4, 1, '万科云城', '广州天河区', 5000000, '曾伊丽', '15274435963', '已交房', '线下看房支付', '2019-08-01 14:24:20');
INSERT INTO `tb_sell` VALUES (611, 4, 1, '万科云城', '广州天河区', 5000000, '曾伊丽', '15274435963', '已交房', '线下看房支付', '2019-02-01 11:22:48');
INSERT INTO `tb_sell` VALUES (612, 4, 1, '万科云城', '广州天河区', 5000000, '曾伊丽', '15274435963', '已交房', '线下看房支付', '2019-03-01 18:28:31');
INSERT INTO `tb_sell` VALUES (613, 4, 1, '万科云城', '广州天河区', 5000000, '曾伊丽', '15274435963', '已交房', '线下看房支付', '2019-01-01 10:57:47');
INSERT INTO `tb_sell` VALUES (614, 4, 1, '万科云城', '广州天河区', 5000000, '曾伊丽', '15274435963', '已交房', '线下看房支付', '2019-11-01 11:19:31');
INSERT INTO `tb_sell` VALUES (615, 4, 1, '万科云城', '广州天河区', 5000000, '曾伊丽', '15274435963', '已交房', '线下看房支付', '2019-08-01 16:35:42');
INSERT INTO `tb_sell` VALUES (616, 4, 1, '万科云城', '广州天河区', 5000000, '曾伊丽', '15274435963', '已交房', '线下看房支付', '2019-09-01 16:20:58');
INSERT INTO `tb_sell` VALUES (617, 4, 1, '万科云城', '广州天河区', 5000000, '曾伊丽', '15274435963', '已交房', '线下看房支付', '2019-05-01 17:47:35');
INSERT INTO `tb_sell` VALUES (618, 4, 1, '万科云城', '广州天河区', 5000000, '曾伊丽', '15274435963', '已交房', '线下看房支付', '2019-05-01 11:51:42');
INSERT INTO `tb_sell` VALUES (619, 4, 1, '万科云城', '广州天河区', 5000000, '曾伊丽', '15274435963', '已交房', '线下看房支付', '2019-10-01 10:40:12');
INSERT INTO `tb_sell` VALUES (620, 4, 1, '万科云城', '广州天河区', 5000000, '曾伊丽', '15274435963', '已交房', '线下看房支付', '2019-06-01 10:56:36');
INSERT INTO `tb_sell` VALUES (621, 4, 1, '万科云城', '广州天河区', 5000000, '曾伊丽', '15274435963', '已交房', '线下看房支付', '2019-11-01 17:24:15');
INSERT INTO `tb_sell` VALUES (622, 4, 1, '万科云城', '广州天河区', 5000000, '曾伊丽', '15274435963', '已交房', '线下看房支付', '2019-08-01 18:35:56');
INSERT INTO `tb_sell` VALUES (623, 4, 1, '万科云城', '广州天河区', 5000000, '曾伊丽', '15274435963', '已交房', '线下看房支付', '2019-03-01 11:18:29');
INSERT INTO `tb_sell` VALUES (624, 4, 1, '万科云城', '广州天河区', 5000000, '曾伊丽', '15274435963', '已交房', '线下看房支付', '2019-06-01 12:53:38');
INSERT INTO `tb_sell` VALUES (625, 4, 1, '万科云城', '广州天河区', 5000000, '曾伊丽', '15274435963', '已交房', '线下看房支付', '2019-04-01 17:40:11');
INSERT INTO `tb_sell` VALUES (626, 4, 1, '万科云城', '广州天河区', 5000000, '曾伊丽', '15274435963', '已交房', '线下看房支付', '2019-04-01 14:18:41');
INSERT INTO `tb_sell` VALUES (627, 4, 1, '万科云城', '广州天河区', 5000000, '曾伊丽', '15274435963', '已交房', '线下看房支付', '2019-09-01 16:54:45');
INSERT INTO `tb_sell` VALUES (628, 4, 1, '万科云城', '广州天河区', 5000000, '曾伊丽', '15274435963', '已交房', '线下看房支付', '2019-11-01 12:28:26');
INSERT INTO `tb_sell` VALUES (629, 4, 1, '万科云城', '广州天河区', 5000000, '曾伊丽', '15274435963', '已交房', '线下看房支付', '2019-06-01 14:43:15');
INSERT INTO `tb_sell` VALUES (630, 4, 1, '万科云城', '广州天河区', 5000000, '曾伊丽', '15274435963', '已交房', '线下看房支付', '2019-07-01 12:45:52');
INSERT INTO `tb_sell` VALUES (631, 4, 1, '万科云城', '广州天河区', 5000000, '曾伊丽', '15274435963', '已交房', '线下看房支付', '2019-02-01 11:33:49');
INSERT INTO `tb_sell` VALUES (632, 4, 1, '万科云城', '广州天河区', 5000000, '曾伊丽', '15274435963', '已交房', '线下看房支付', '2019-08-01 15:13:40');
INSERT INTO `tb_sell` VALUES (633, 4, 1, '万科云城', '广州天河区', 5000000, '曾伊丽', '15274435963', '已交房', '线下看房支付', '2019-12-01 18:19:38');
INSERT INTO `tb_sell` VALUES (634, 4, 1, '万科云城', '广州天河区', 5000000, '曾伊丽', '15274435963', '已交房', '线下看房支付', '2019-04-01 18:14:12');
INSERT INTO `tb_sell` VALUES (635, 4, 1, '万科云城', '广州天河区', 5000000, '曾伊丽', '15274435963', '已交房', '线下看房支付', '2019-12-01 17:10:41');
INSERT INTO `tb_sell` VALUES (636, 4, 1, '万科云城', '广州天河区', 5000000, '曾伊丽', '15274435963', '已交房', '线下看房支付', '2019-03-01 19:30:16');
INSERT INTO `tb_sell` VALUES (637, 4, 1, '万科云城', '广州天河区', 5000000, '曾伊丽', '15274435963', '已交房', '线下看房支付', '2019-05-01 13:55:33');
INSERT INTO `tb_sell` VALUES (638, 4, 1, '万科云城', '广州天河区', 5000000, '曾伊丽', '15274435963', '已交房', '线下看房支付', '2019-07-01 13:18:45');
INSERT INTO `tb_sell` VALUES (639, 4, 1, '万科云城', '广州天河区', 5000000, '曾伊丽', '15274435963', '已交房', '线下看房支付', '2019-02-01 15:34:44');
INSERT INTO `tb_sell` VALUES (640, 4, 1, '万科云城', '广州天河区', 5000000, '曾伊丽', '15274435963', '已交房', '线下看房支付', '2019-01-01 12:51:40');
INSERT INTO `tb_sell` VALUES (641, 4, 1, '万科云城', '广州天河区', 5000000, '曾伊丽', '15274435963', '已交房', '线下看房支付', '2019-07-01 10:27:47');
INSERT INTO `tb_sell` VALUES (642, 4, 1, '万科云城', '广州天河区', 5000000, '曾伊丽', '15274435963', '已交房', '线下看房支付', '2019-09-01 11:46:20');
INSERT INTO `tb_sell` VALUES (643, 4, 1, '万科云城', '广州天河区', 5000000, '曾伊丽', '15274435963', '已交房', '线下看房支付', '2019-11-01 15:27:14');
INSERT INTO `tb_sell` VALUES (644, 4, 1, '万科云城', '广州天河区', 5000000, '曾伊丽', '15274435963', '已交房', '线下看房支付', '2019-05-01 14:26:20');
INSERT INTO `tb_sell` VALUES (645, 4, 1, '万科云城', '广州天河区', 5000000, '曾伊丽', '15274435963', '已交房', '线下看房支付', '2019-02-01 19:25:46');
INSERT INTO `tb_sell` VALUES (646, 4, 1, '万科云城', '广州天河区', 5000000, '曾伊丽', '15274435963', '已交房', '线下看房支付', '2019-10-01 17:22:16');
INSERT INTO `tb_sell` VALUES (647, 4, 1, '万科云城', '广州天河区', 5000000, '曾伊丽', '15274435963', '已交房', '线下看房支付', '2019-11-01 19:11:30');
INSERT INTO `tb_sell` VALUES (648, 4, 1, '万科云城', '广州天河区', 5000000, '曾伊丽', '15274435963', '已交房', '线下看房支付', '2019-12-01 16:24:37');
INSERT INTO `tb_sell` VALUES (649, 4, 1, '万科云城', '广州天河区', 5000000, '曾伊丽', '15274435963', '已交房', '线下看房支付', '2019-12-01 18:43:48');
INSERT INTO `tb_sell` VALUES (650, 4, 1, '万科云城', '广州天河区', 5000000, '曾伊丽', '15274435963', '已交房', '线下看房支付', '2019-11-01 10:41:13');
INSERT INTO `tb_sell` VALUES (651, 4, 1, '万科云城', '广州天河区', 5000000, '曾伊丽', '15274435963', '已交房', '线下看房支付', '2019-05-01 16:18:52');
INSERT INTO `tb_sell` VALUES (652, 4, 1, '万科云城', '广州天河区', 5000000, '曾伊丽', '15274435963', '已交房', '线下看房支付', '2019-10-01 14:51:52');
INSERT INTO `tb_sell` VALUES (653, 4, 1, '万科云城', '广州天河区', 5000000, '曾伊丽', '15274435963', '已交房', '线下看房支付', '2019-10-01 15:18:22');
INSERT INTO `tb_sell` VALUES (654, 4, 1, '万科云城', '广州天河区', 5000000, '曾伊丽', '15274435963', '已交房', '线下看房支付', '2019-09-01 19:34:43');
INSERT INTO `tb_sell` VALUES (655, 4, 1, '万科云城', '广州天河区', 5000000, '曾伊丽', '15274435963', '已交房', '线下看房支付', '2019-11-01 14:40:46');
INSERT INTO `tb_sell` VALUES (656, 4, 1, '万科云城', '广州天河区', 5000000, '曾伊丽', '15274435963', '已交房', '线下看房支付', '2019-10-01 17:33:12');
INSERT INTO `tb_sell` VALUES (657, 4, 1, '万科云城', '广州天河区', 5000000, '曾伊丽', '15274435963', '已交房', '线下看房支付', '2019-11-01 10:55:25');
INSERT INTO `tb_sell` VALUES (658, 4, 1, '万科云城', '广州天河区', 5000000, '曾伊丽', '15274435963', '已交房', '线下看房支付', '2019-11-01 13:57:53');
INSERT INTO `tb_sell` VALUES (659, 4, 1, '万科云城', '广州天河区', 5000000, '曾伊丽', '15274435963', '已交房', '线下看房支付', '2019-07-01 12:26:11');
INSERT INTO `tb_sell` VALUES (660, 4, 1, '万科云城', '广州天河区', 5000000, '曾伊丽', '15274435963', '已交房', '线下看房支付', '2019-02-01 17:11:12');
INSERT INTO `tb_sell` VALUES (661, 4, 1, '万科云城', '广州天河区', 5000000, '曾伊丽', '15274435963', '已交房', '线下看房支付', '2019-02-01 15:36:54');
INSERT INTO `tb_sell` VALUES (662, 4, 1, '万科云城', '广州天河区', 5000000, '曾伊丽', '15274435963', '已交房', '线下看房支付', '2019-11-01 17:12:12');

-- ----------------------------
-- Table structure for tb_user
-- ----------------------------
DROP TABLE IF EXISTS `tb_user`;
CREATE TABLE `tb_user`  (
  `id` int(11) NOT NULL AUTO_INCREMENT,
  `roleId` int(11) NULL DEFAULT NULL,
  `username` varchar(50) CHARACTER SET utf8 COLLATE utf8_general_ci NULL DEFAULT NULL,
  `password` varchar(20) CHARACTER SET utf8 COLLATE utf8_general_ci NULL DEFAULT NULL,
  `email` varchar(20) CHARACTER SET utf8 COLLATE utf8_general_ci NULL DEFAULT NULL,
  `phone` varchar(20) CHARACTER SET utf8 COLLATE utf8_general_ci NULL DEFAULT NULL,
  `realName` varchar(20) CHARACTER SET utf8 COLLATE utf8_general_ci NULL DEFAULT NULL,
  `address` varchar(100) CHARACTER SET utf8 COLLATE utf8_general_ci NULL DEFAULT NULL,
  `sex` int(11) NULL DEFAULT NULL,
  PRIMARY KEY (`id`) USING BTREE
) ENGINE = InnoDB AUTO_INCREMENT = 3 CHARACTER SET = utf8 COLLATE = utf8_general_ci ROW_FORMAT = Dynamic;

-- ----------------------------
-- Records of tb_user
-- ----------------------------
INSERT INTO `tb_user` VALUES (1, 1, 'admin', '123456', '1139402946@qq.com', '15274435963', '曾伊丽', '湘乡', 0);
INSERT INTO `tb_user` VALUES (2, 2, 'normal', '123456', '173052339@qq.com', '18774518598', '曾佳', '西渡', 1);

-- ----------------------------
-- Procedure structure for insert_tb_lease
-- ----------------------------
DROP PROCEDURE IF EXISTS `insert_tb_lease`;
delimiter ;;
CREATE PROCEDURE `insert_tb_lease`(IN n INT)
BEGIN
    DECLARE i INT DEFAULT 1;
    DECLARE buildId INT DEFAULT 3;
    DECLARE customerId INT DEFAULT 1;
    DECLARE buildName VARCHAR(20) DEFAULT ('珠江新城');
    DECLARE location VARCHAR(20) DEFAULT ('广州');
		DECLARE customerName VARCHAR(20) DEFAULT ('曾伊丽');		
		DECLARE phone VARCHAR(20) DEFAULT('15274435963');
		DECLARE price INT DEFAULT 3000;
		DECLARE leaseType VARCHAR(20) DEFAULT('押二付一');
		DECLARE payment VARCHAR(20) DEFAULT('微信支付');
		DECLARE statu VARCHAR(20) DEFAULT('租期中');
    WHILE i < n DO
        INSERT INTO tb_lease VALUES (NULL,buildId,customerId,buildName,location,customerName,phone,price,leaseType,payment,statu,
				concat('2019-',floor(1+rand()*12),'-01 ', floor(10+rand()*10),':',floor(10+rand()*49),':',floor(10+rand()*49)));
        SET i = i + 1;
    END WHILE;
END
;;
delimiter ;

-- ----------------------------
-- Procedure structure for insert_tb_sell
-- ----------------------------
DROP PROCEDURE IF EXISTS `insert_tb_sell`;
delimiter ;;
CREATE PROCEDURE `insert_tb_sell`(IN n INT)
BEGIN
    DECLARE i INT DEFAULT 1;
    DECLARE buildId INT DEFAULT 4;
    DECLARE customerId INT DEFAULT 1;
    DECLARE buildName VARCHAR(20) DEFAULT ('万科云城');
    DECLARE location VARCHAR(20) DEFAULT ('广州天河区');
    DECLARE price INT DEFAULT 5000000;
		DECLARE customerName VARCHAR(20) DEFAULT ('曾伊丽');
		DECLARE phone VARCHAR(20) DEFAULT('15274435963');
		DECLARE statu VARCHAR(20) DEFAULT('已交房');
		DECLARE sellType VARCHAR(20) DEFAULT('线下看房支付');
    WHILE i < n DO
        INSERT INTO tb_sell VALUES (NULL,buildId,customerId,buildName,location,price,customerName,phone,statu,sellType,
				concat('2019-',floor(1+rand()*12),'-01 ', floor(10+rand()*10),':',floor(10+rand()*49),':',floor(10+rand()*49)));
        SET i = i + 1;
    END WHILE;
END
;;
delimiter ;

-- ----------------------------
-- Procedure structure for insert_vote_recordss_memory
-- ----------------------------
DROP PROCEDURE IF EXISTS `insert_vote_recordss_memory`;
delimiter ;;
CREATE PROCEDURE `insert_vote_recordss_memory`(IN n INT)
BEGIN
    DECLARE i INT DEFAULT 1;
    DECLARE sex INT DEFAULT 1;
		DECLARE email VARCHAR(50) DEFAULT('zengjia@zuzuche.com');
		DECLARE phone VARCHAR(20) DEFAULT('18774518598');
    WHILE i < n DO
        INSERT INTO `tb_customer` VALUES (NULL, rand_strings(8), sex, email, phone);
        SET i = i + 1;
    END WHILE;
END
;;
delimiter ;

-- ----------------------------
-- Function structure for rand_strings
-- ----------------------------
DROP FUNCTION IF EXISTS `rand_strings`;
delimiter ;;
CREATE FUNCTION `rand_strings`(n INT)
 RETURNS varchar(255) CHARSET utf8
BEGIN 
    DECLARE char_str varchar(100) DEFAULT 'abcdefghijklmnopqrstuvwxyzABCDEFGHIJKLMNOPQRSTUVWXYZ0123456789';
    DECLARE return_str varchar(255) DEFAULT '';
    DECLARE i INT DEFAULT 0;
    WHILE i < n DO
        SET return_str = concat(return_str, substring(char_str, FLOOR(1 + RAND()*62), 1));
        SET i = i+1;
    END WHILE;
    RETURN return_str;
END
;;
delimiter ;

SET FOREIGN_KEY_CHECKS = 1;
